WARNING: A restricted method in java.lang.System has been called
WARNING: java.lang.System::load has been called by com.github.luben.zstd.util.Native$2 in an unnamed module (file:/usr/bin/runner/run.jar)
WARNING: Use --enable-native-access=ALL-UNNAMED to avoid a warning for callers in this module
WARNING: Restricted methods will be blocked in a future release unless native access is enabled

[main] INFO org.apache.kafka.clients.producer.ProducerConfig - ProducerConfig values: 
	acks = -1
	auto.include.jmx.reporter = true
	batch.size = 16384
	bootstrap.servers = [kafka:9092]
	buffer.memory = 33554432
	client.dns.lookup = use_all_dns_ips
	client.id = producer-1
	compression.gzip.level = -1
	compression.lz4.level = 9
	compression.type = none
	compression.zstd.level = 3
	connections.max.idle.ms = 540000
	delivery.timeout.ms = 120000
	enable.idempotence = true
	enable.metrics.push = true
	interceptor.classes = []
	key.serializer = class org.apache.kafka.common.serialization.StringSerializer
	linger.ms = 0
	max.block.ms = 60000
	max.in.flight.requests.per.connection = 5
	max.request.size = 1048576
	metadata.max.age.ms = 300000
	metadata.max.idle.ms = 300000
	metadata.recovery.strategy = none
	metric.reporters = []
	metrics.num.samples = 2
	metrics.recording.level = INFO
	metrics.sample.window.ms = 30000
	partitioner.adaptive.partitioning.enable = true
	partitioner.availability.timeout.ms = 0
	partitioner.class = null
	partitioner.ignore.keys = false
	receive.buffer.bytes = 32768
	reconnect.backoff.max.ms = 1000
	reconnect.backoff.ms = 50
	request.timeout.ms = 30000
	retries = 2147483647
	retry.backoff.max.ms = 1000
	retry.backoff.ms = 100
	sasl.client.callback.handler.class = null
	sasl.jaas.config = null
	sasl.kerberos.kinit.cmd = /usr/bin/kinit
	sasl.kerberos.min.time.before.relogin = 60000
	sasl.kerberos.service.name = null
	sasl.kerberos.ticket.renew.jitter = 0.05
	sasl.kerberos.ticket.renew.window.factor = 0.8
	sasl.login.callback.handler.class = null
	sasl.login.class = null
	sasl.login.connect.timeout.ms = null
	sasl.login.read.timeout.ms = null
	sasl.login.refresh.buffer.seconds = 300
	sasl.login.refresh.min.period.seconds = 60
	sasl.login.refresh.window.factor = 0.8
	sasl.login.refresh.window.jitter = 0.05
	sasl.login.retry.backoff.max.ms = 10000
	sasl.login.retry.backoff.ms = 100
	sasl.mechanism = GSSAPI
	sasl.oauthbearer.clock.skew.seconds = 30
	sasl.oauthbearer.expected.audience = null
	sasl.oauthbearer.expected.issuer = null
	sasl.oauthbearer.jwks.endpoint.refresh.ms = 3600000
	sasl.oauthbearer.jwks.endpoint.retry.backoff.max.ms = 10000
	sasl.oauthbearer.jwks.endpoint.retry.backoff.ms = 100
	sasl.oauthbearer.jwks.endpoint.url = null
	sasl.oauthbearer.scope.claim.name = scope
	sasl.oauthbearer.sub.claim.name = sub
	sasl.oauthbearer.token.endpoint.url = null
	security.protocol = PLAINTEXT
	security.providers = null
	send.buffer.bytes = 131072
	socket.connection.setup.timeout.max.ms = 30000
	socket.connection.setup.timeout.ms = 10000
	ssl.cipher.suites = null
	ssl.enabled.protocols = [TLSv1.2, TLSv1.3]
	ssl.endpoint.identification.algorithm = https
	ssl.engine.factory.class = null
	ssl.key.password = null
	ssl.keymanager.algorithm = SunX509
	ssl.keystore.certificate.chain = null
	ssl.keystore.key = null
	ssl.keystore.location = null
	ssl.keystore.password = null
	ssl.keystore.type = JKS
	ssl.protocol = TLSv1.3
	ssl.provider = null
	ssl.secure.random.implementation = null
	ssl.trustmanager.algorithm = PKIX
	ssl.truststore.certificates = null
	ssl.truststore.location = null
	ssl.truststore.password = null
	ssl.truststore.type = JKS
	transaction.timeout.ms = 60000
	transactional.id = null
	value.serializer = class org.apache.kafka.common.serialization.ByteArraySerializer

[main] INFO org.apache.kafka.common.telemetry.internals.KafkaMetricsCollector - initializing Kafka metrics collector
[main] INFO org.apache.kafka.clients.producer.KafkaProducer - [Producer clientId=producer-1] Instantiated an idempotent producer.
[main] INFO org.apache.kafka.common.utils.AppInfoParser - Kafka version: 3.8.0
[main] INFO org.apache.kafka.common.utils.AppInfoParser - Kafka commitId: 771b9576b00ecf5b
[main] INFO org.apache.kafka.common.utils.AppInfoParser - Kafka startTimeMs: 1774829271165
Searching for files in /data
Found 10 file paths. Starting processing...
Processing /data/data1.csv...
Sending record with id = 1
[kafka-producer-network-thread | producer-1] INFO org.apache.kafka.clients.NetworkClient - [Producer clientId=producer-1] Node -1 disconnected.
[kafka-producer-network-thread | producer-1] WARN org.apache.kafka.clients.NetworkClient - [Producer clientId=producer-1] Connection to node -1 (kafka/192.168.148.4:9092) could not be established. Node may not be available.
[kafka-producer-network-thread | producer-1] WARN org.apache.kafka.clients.NetworkClient - [Producer clientId=producer-1] Bootstrap broker kafka:9092 (id: -1 rack: null) disconnected
[kafka-producer-network-thread | producer-1] INFO org.apache.kafka.clients.NetworkClient - [Producer clientId=producer-1] Node -1 disconnected.
[kafka-producer-network-thread | producer-1] WARN org.apache.kafka.clients.NetworkClient - [Producer clientId=producer-1] Connection to node -1 (kafka/192.168.148.4:9092) could not be established. Node may not be available.
[kafka-producer-network-thread | producer-1] WARN org.apache.kafka.clients.NetworkClient - [Producer clientId=producer-1] Bootstrap broker kafka:9092 (id: -1 rack: null) disconnected
[kafka-producer-network-thread | producer-1] INFO org.apache.kafka.clients.NetworkClient - [Producer clientId=producer-1] Node -1 disconnected.
[kafka-producer-network-thread | producer-1] WARN org.apache.kafka.clients.NetworkClient - [Producer clientId=producer-1] Connection to node -1 (kafka/192.168.148.4:9092) could not be established. Node may not be available.
[kafka-producer-network-thread | producer-1] WARN org.apache.kafka.clients.NetworkClient - [Producer clientId=producer-1] Bootstrap broker kafka:9092 (id: -1 rack: null) disconnected
[kafka-producer-network-thread | producer-1] INFO org.apache.kafka.clients.NetworkClient - [Producer clientId=producer-1] Node -1 disconnected.
[kafka-producer-network-thread | producer-1] WARN org.apache.kafka.clients.NetworkClient - [Producer clientId=producer-1] Connection to node -1 (kafka/192.168.148.4:9092) could not be established. Node may not be available.
[kafka-producer-network-thread | producer-1] WARN org.apache.kafka.clients.NetworkClient - [Producer clientId=producer-1] Bootstrap broker kafka:9092 (id: -1 rack: null) disconnected
[kafka-producer-network-thread | producer-1] INFO org.apache.kafka.clients.NetworkClient - [Producer clientId=producer-1] Node -1 disconnected.
[kafka-producer-network-thread | producer-1] WARN org.apache.kafka.clients.NetworkClient - [Producer clientId=producer-1] Connection to node -1 (kafka/192.168.148.4:9092) could not be established. Node may not be available.
[kafka-producer-network-thread | producer-1] WARN org.apache.kafka.clients.NetworkClient - [Producer clientId=producer-1] Bootstrap broker kafka:9092 (id: -1 rack: null) disconnected
[kafka-producer-network-thread | producer-1] INFO org.apache.kafka.clients.NetworkClient - [Producer clientId=producer-1] Node -1 disconnected.
[kafka-producer-network-thread | producer-1] WARN org.apache.kafka.clients.NetworkClient - [Producer clientId=producer-1] Connection to node -1 (kafka/192.168.148.4:9092) could not be established. Node may not be available.
[kafka-producer-network-thread | producer-1] WARN org.apache.kafka.clients.NetworkClient - [Producer clientId=producer-1] Bootstrap broker kafka:9092 (id: -1 rack: null) disconnected
[kafka-producer-network-thread | producer-1] WARN org.apache.kafka.clients.NetworkClient - [Producer clientId=producer-1] Error while fetching metadata with correlation id 1 : {csv_topic=UNKNOWN_TOPIC_OR_PARTITION}
[kafka-producer-network-thread | producer-1] INFO org.apache.kafka.clients.Metadata - [Producer clientId=producer-1] Cluster ID: 4L6g3nShT-eMCtK--X86sw
[kafka-producer-network-thread | producer-1] INFO org.apache.kafka.clients.producer.internals.TransactionManager - [Producer clientId=producer-1] ProducerId set to 0 with epoch 0
Sending record with id = 2
Sending record with id = 3
Sending record with id = 4
Sending record with id = 5
Sending record with id = 6
Sending record with id = 7
Sending record with id = 8
Sending record with id = 9
Sending record with id = 10
Sending record with id = 11
Sending record with id = 12
Sending record with id = 13
Sending record with id = 14
Sending record with id = 15
Sending record with id = 16
Sending record with id = 17
Sending record with id = 18
Sending record with id = 19
Sending record with id = 20
Sending record with id = 21
Sending record with id = 22
Sending record with id = 23
Sending record with id = 24
Sending record with id = 25
Sending record with id = 26
Sending record with id = 27
Sending record with id = 28
Sending record with id = 29
Sending record with id = 30
Sending record with id = 31
Sending record with id = 32
Sending record with id = 33
Sending record with id = 34
Sending record with id = 35
Sending record with id = 36
Sending record with id = 37
Sending record with id = 38
Sending record with id = 39
Sending record with id = 40
Sending record with id = 41
Sending record with id = 42
Sending record with id = 43
Sending record with id = 44
Sending record with id = 45
Sending record with id = 46
Sending record with id = 47
Sending record with id = 48
Sending record with id = 49
Sending record with id = 50
Sending record with id = 51
Sending record with id = 52
Sending record with id = 53
Sending record with id = 54
Sending record with id = 55
Sending record with id = 56
Sending record with id = 57
Sending record with id = 58
Sending record with id = 59
Sending record with id = 60
Sending record with id = 61
Sending record with id = 62
Sending record with id = 63
Sending record with id = 64
Sending record with id = 65
Sending record with id = 66
Sending record with id = 67
Sending record with id = 68
Sending record with id = 69
Sending record with id = 70
Sending record with id = 71
Sending record with id = 72
Sending record with id = 73
Sending record with id = 74
Sending record with id = 75
Sending record with id = 76
Sending record with id = 77
Sending record with id = 78
Sending record with id = 79
Sending record with id = 80
Sending record with id = 81
Sending record with id = 82
Sending record with id = 83
Sending record with id = 84
Sending record with id = 85
Sending record with id = 86
Sending record with id = 87
Sending record with id = 88
Sending record with id = 89
Sending record with id = 90
Sending record with id = 91
Sending record with id = 92
Sending record with id = 93
Sending record with id = 94
Sending record with id = 95
Sending record with id = 96
Sending record with id = 97
Sending record with id = 98
Sending record with id = 99
Sending record with id = 100
Sending record with id = 101
Sending record with id = 102
Sending record with id = 103
Sending record with id = 104
Sending record with id = 105
Sending record with id = 106
Sending record with id = 107
Sending record with id = 108
Sending record with id = 109
Sending record with id = 110
Sending record with id = 111
Sending record with id = 112
Sending record with id = 113
Sending record with id = 114
Sending record with id = 115
Sending record with id = 116
Sending record with id = 117
Sending record with id = 118
Sending record with id = 119
Sending record with id = 120
Sending record with id = 121
Sending record with id = 122
Sending record with id = 123
Sending record with id = 124
Sending record with id = 125
Sending record with id = 126
Sending record with id = 127
Sending record with id = 128
Sending record with id = 129
Sending record with id = 130
Sending record with id = 131
Sending record with id = 132
Sending record with id = 133
Sending record with id = 134
Sending record with id = 135
Sending record with id = 136
Sending record with id = 137
Sending record with id = 138
Sending record with id = 139
Sending record with id = 140
Sending record with id = 141
Sending record with id = 142
Sending record with id = 143
Sending record with id = 144
Sending record with id = 145
Sending record with id = 146
Sending record with id = 147
Sending record with id = 148
Sending record with id = 149
Sending record with id = 150
Sending record with id = 151
Sending record with id = 152
Sending record with id = 153
Sending record with id = 154
Sending record with id = 155
Sending record with id = 156
Sending record with id = 157
Sending record with id = 158
Sending record with id = 159
Sending record with id = 160
Sending record with id = 161
Sending record with id = 162
Sending record with id = 163
Sending record with id = 164
Sending record with id = 165
Sending record with id = 166
Sending record with id = 167
Sending record with id = 168
Sending record with id = 169
Sending record with id = 170
Sending record with id = 171
Sending record with id = 172
Sending record with id = 173
Sending record with id = 174
Sending record with id = 175
Sending record with id = 176
Sending record with id = 177
Sending record with id = 178
Sending record with id = 179
Sending record with id = 180
Sending record with id = 181
Sending record with id = 182
Sending record with id = 183
Sending record with id = 184
Sending record with id = 185
Sending record with id = 186
Sending record with id = 187
Sending record with id = 188
Sending record with id = 189
Sending record with id = 190
Sending record with id = 191
Sending record with id = 192
Sending record with id = 193
Sending record with id = 194
Sending record with id = 195
Sending record with id = 196
Sending record with id = 197
Sending record with id = 198
Sending record with id = 199
Sending record with id = 200
Sending record with id = 201
Sending record with id = 202
Sending record with id = 203
Sending record with id = 204
Sending record with id = 205
Sending record with id = 206
Sending record with id = 207
Sending record with id = 208
Sending record with id = 209
Sending record with id = 210
Sending record with id = 211
Sending record with id = 212
Sending record with id = 213
Sending record with id = 214
Sending record with id = 215
Sending record with id = 216
Sending record with id = 217
Sending record with id = 218
Sending record with id = 219
Sending record with id = 220
Sending record with id = 221
Sending record with id = 222
Sending record with id = 223
Sending record with id = 224
Sending record with id = 225
Sending record with id = 226
Sending record with id = 227
Sending record with id = 228
Sending record with id = 229
Sending record with id = 230
Sending record with id = 231
Sending record with id = 232
Sending record with id = 233
Sending record with id = 234
Sending record with id = 235
Sending record with id = 236
Sending record with id = 237
Sending record with id = 238
Sending record with id = 239
Sending record with id = 240
Sending record with id = 241
Sending record with id = 242
Sending record with id = 243
Sending record with id = 244
Sending record with id = 245
Sending record with id = 246
Sending record with id = 247
Sending record with id = 248
Sending record with id = 249
Sending record with id = 250
Sending record with id = 251
Sending record with id = 252
Sending record with id = 253
Sending record with id = 254
Sending record with id = 255
Sending record with id = 256
Sending record with id = 257
Sending record with id = 258
Sending record with id = 259
Sending record with id = 260
Sending record with id = 261
Sending record with id = 262
Sending record with id = 263
Sending record with id = 264
Sending record with id = 265
Sending record with id = 266
Sending record with id = 267
Sending record with id = 268
Sending record with id = 269
Sending record with id = 270
Sending record with id = 271
Sending record with id = 272
Sending record with id = 273
Sending record with id = 274
Sending record with id = 275
Sending record with id = 276
Sending record with id = 277
Sending record with id = 278
Sending record with id = 279
Sending record with id = 280
Sending record with id = 281
Sending record with id = 282
Sending record with id = 283
Sending record with id = 284
Sending record with id = 285
Sending record with id = 286
Sending record with id = 287
Sending record with id = 288
Sending record with id = 289
Sending record with id = 290
Sending record with id = 291
Sending record with id = 292
Sending record with id = 293
Sending record with id = 294
Sending record with id = 295
Sending record with id = 296
Sending record with id = 297
Sending record with id = 298
Sending record with id = 299
Sending record with id = 300
Sending record with id = 301
Sending record with id = 302
Sending record with id = 303
Sending record with id = 304
Sending record with id = 305
Sending record with id = 306
Sending record with id = 307
Sending record with id = 308
Sending record with id = 309
Sending record with id = 310
Sending record with id = 311
Sending record with id = 312
Sending record with id = 313
Sending record with id = 314
Sending record with id = 315
Sending record with id = 316
Sending record with id = 317
Sending record with id = 318
Sending record with id = 319
Sending record with id = 320
Sending record with id = 321
Sending record with id = 322
Sending record with id = 323
Sending record with id = 324
Sending record with id = 325
Sending record with id = 326
Sending record with id = 327
Sending record with id = 328
Sending record with id = 329
Sending record with id = 330
Sending record with id = 331
Sending record with id = 332
Sending record with id = 333
Sending record with id = 334
Sending record with id = 335
Sending record with id = 336
Sending record with id = 337
Sending record with id = 338
Sending record with id = 339
Sending record with id = 340
Sending record with id = 341
Sending record with id = 342
Sending record with id = 343
Sending record with id = 344
Sending record with id = 345
Sending record with id = 346
Sending record with id = 347
Sending record with id = 348
Sending record with id = 349
Sending record with id = 350
Sending record with id = 351
Sending record with id = 352
Sending record with id = 353
Sending record with id = 354
Sending record with id = 355
Sending record with id = 356
Sending record with id = 357
Sending record with id = 358
Sending record with id = 359
Sending record with id = 360
Sending record with id = 361
Sending record with id = 362
Sending record with id = 363
Sending record with id = 364
Sending record with id = 365
Sending record with id = 366
Sending record with id = 367
Sending record with id = 368
Sending record with id = 369
Sending record with id = 370
Sending record with id = 371
Sending record with id = 372
Sending record with id = 373
Sending record with id = 374
Sending record with id = 375
Sending record with id = 376
Sending record with id = 377
Sending record with id = 378
Sending record with id = 379
Sending record with id = 380
Sending record with id = 381
Sending record with id = 382
Sending record with id = 383
Sending record with id = 384
Sending record with id = 385
Sending record with id = 386
Sending record with id = 387
Sending record with id = 388
Sending record with id = 389
Sending record with id = 390
Sending record with id = 391
Sending record with id = 392
Sending record with id = 393
Sending record with id = 394
Sending record with id = 395
Sending record with id = 396
Sending record with id = 397
Sending record with id = 398
Sending record with id = 399
Sending record with id = 400
Sending record with id = 401
Sending record with id = 402
Sending record with id = 403
Sending record with id = 404
Sending record with id = 405
Sending record with id = 406
Sending record with id = 407
Sending record with id = 408
Sending record with id = 409
Sending record with id = 410
Sending record with id = 411
Sending record with id = 412
Sending record with id = 413
Sending record with id = 414
Sending record with id = 415
Sending record with id = 416
Sending record with id = 417
Sending record with id = 418
Sending record with id = 419
Sending record with id = 420
Sending record with id = 421
Sending record with id = 422
Sending record with id = 423
Sending record with id = 424
Sending record with id = 425
Sending record with id = 426
Sending record with id = 427
Sending record with id = 428
Sending record with id = 429
Sending record with id = 430
Sending record with id = 431
Sending record with id = 432
Sending record with id = 433
Sending record with id = 434
Sending record with id = 435
Sending record with id = 436
Sending record with id = 437
Sending record with id = 438
Sending record with id = 439
Sending record with id = 440
Sending record with id = 441
Sending record with id = 442
Sending record with id = 443
Sending record with id = 444
Sending record with id = 445
Sending record with id = 446
Sending record with id = 447
Sending record with id = 448
Sending record with id = 449
Sending record with id = 450
Sending record with id = 451
Sending record with id = 452
Sending record with id = 453
Sending record with id = 454
Sending record with id = 455
Sending record with id = 456
Sending record with id = 457
Sending record with id = 458
Sending record with id = 459
Sending record with id = 460
Sending record with id = 461
Sending record with id = 462
Sending record with id = 463
Sending record with id = 464
Sending record with id = 465
Sending record with id = 466
Sending record with id = 467
Sending record with id = 468
Sending record with id = 469
Sending record with id = 470
Sending record with id = 471
Sending record with id = 472
Sending record with id = 473
Sending record with id = 474
Sending record with id = 475
Sending record with id = 476
Sending record with id = 477
Sending record with id = 478
Sending record with id = 479
Sending record with id = 480
Sending record with id = 481
Sending record with id = 482
Sending record with id = 483
Sending record with id = 484
Sending record with id = 485
Sending record with id = 486
Sending record with id = 487
Sending record with id = 488
Sending record with id = 489
Sending record with id = 490
Sending record with id = 491
Sending record with id = 492
Sending record with id = 493
Sending record with id = 494
Sending record with id = 495
Sending record with id = 496
Sending record with id = 497
Sending record with id = 498
Sending record with id = 499
Sending record with id = 500
Sending record with id = 501
Sending record with id = 502
Sending record with id = 503
Sending record with id = 504
Sending record with id = 505
Sending record with id = 506
Sending record with id = 507
Sending record with id = 508
Sending record with id = 509
Sending record with id = 510
Sending record with id = 511
Sending record with id = 512
Sending record with id = 513
Sending record with id = 514
Sending record with id = 515
Sending record with id = 516
Sending record with id = 517
Sending record with id = 518
Sending record with id = 519
Sending record with id = 520
Sending record with id = 521
Sending record with id = 522
Sending record with id = 523
Sending record with id = 524
Sending record with id = 525
Sending record with id = 526
Sending record with id = 527
Sending record with id = 528
Sending record with id = 529
Sending record with id = 530
Sending record with id = 531
Sending record with id = 532
Sending record with id = 533
Sending record with id = 534
Sending record with id = 535
Sending record with id = 536
Sending record with id = 537
Sending record with id = 538
Sending record with id = 539
Sending record with id = 540
Sending record with id = 541
Sending record with id = 542
Sending record with id = 543
Sending record with id = 544
Sending record with id = 545
Sending record with id = 546
Sending record with id = 547
Sending record with id = 548
Sending record with id = 549
Sending record with id = 550
Sending record with id = 551
Sending record with id = 552
Sending record with id = 553
Sending record with id = 554
Sending record with id = 555
Sending record with id = 556
Sending record with id = 557
Sending record with id = 558
Sending record with id = 559
Sending record with id = 560
Sending record with id = 561
Sending record with id = 562
Sending record with id = 563
Sending record with id = 564
Sending record with id = 565
Sending record with id = 566
Sending record with id = 567
Sending record with id = 568
Sending record with id = 569
Sending record with id = 570
Sending record with id = 571
Sending record with id = 572
Sending record with id = 573
Sending record with id = 574
Sending record with id = 575
Sending record with id = 576
Sending record with id = 577
Sending record with id = 578
Sending record with id = 579
Sending record with id = 580
Sending record with id = 581
Sending record with id = 582
Sending record with id = 583
Sending record with id = 584
Sending record with id = 585
Sending record with id = 586
Sending record with id = 587
Sending record with id = 588
Sending record with id = 589
Sending record with id = 590
Sending record with id = 591
Sending record with id = 592
Sending record with id = 593
Sending record with id = 594
Sending record with id = 595
Sending record with id = 596
Sending record with id = 597
Sending record with id = 598
Sending record with id = 599
Sending record with id = 600
Sending record with id = 601
Sending record with id = 602
Sending record with id = 603
Sending record with id = 604
Sending record with id = 605
Sending record with id = 606
Sending record with id = 607
Sending record with id = 608
Sending record with id = 609
Sending record with id = 610
Sending record with id = 611
Sending record with id = 612
Sending record with id = 613
Sending record with id = 614
Sending record with id = 615
Sending record with id = 616
Sending record with id = 617
Sending record with id = 618
Sending record with id = 619
Sending record with id = 620
Sending record with id = 621
Sending record with id = 622
Sending record with id = 623
Sending record with id = 624
Sending record with id = 625
Sending record with id = 626
Sending record with id = 627
Sending record with id = 628
Sending record with id = 629
Sending record with id = 630
Sending record with id = 631
Sending record with id = 632
Sending record with id = 633
Sending record with id = 634
Sending record with id = 635
Sending record with id = 636
Sending record with id = 637
Sending record with id = 638
Sending record with id = 639
Sending record with id = 640
Sending record with id = 641
Sending record with id = 642
Sending record with id = 643
Sending record with id = 644
Sending record with id = 645
Sending record with id = 646
Sending record with id = 647
Sending record with id = 648
Sending record with id = 649
Sending record with id = 650
Sending record with id = 651
Sending record with id = 652
Sending record with id = 653
Sending record with id = 654
Sending record with id = 655
Sending record with id = 656
Sending record with id = 657
Sending record with id = 658
Sending record with id = 659
Sending record with id = 660
Sending record with id = 661
Sending record with id = 662
Sending record with id = 663
Sending record with id = 664
Sending record with id = 665
Sending record with id = 666
Sending record with id = 667
Sending record with id = 668
Sending record with id = 669
Sending record with id = 670
Sending record with id = 671
Sending record with id = 672
Sending record with id = 673
Sending record with id = 674
Sending record with id = 675
Sending record with id = 676
Sending record with id = 677
Sending record with id = 678
Sending record with id = 679
Sending record with id = 680
Sending record with id = 681
Sending record with id = 682
Sending record with id = 683
Sending record with id = 684
Sending record with id = 685
Sending record with id = 686
Sending record with id = 687
Sending record with id = 688
Sending record with id = 689
Sending record with id = 690
Sending record with id = 691
Sending record with id = 692
Sending record with id = 693
Sending record with id = 694
Sending record with id = 695
Sending record with id = 696
Sending record with id = 697
Sending record with id = 698
Sending record with id = 699
Sending record with id = 700
Sending record with id = 701
Sending record with id = 702
Sending record with id = 703
Sending record with id = 704
Sending record with id = 705
Sending record with id = 706
Sending record with id = 707
Sending record with id = 708
Sending record with id = 709
Sending record with id = 710
Sending record with id = 711
Sending record with id = 712
Sending record with id = 713
Sending record with id = 714
Sending record with id = 715
Sending record with id = 716
Sending record with id = 717
Sending record with id = 718
Sending record with id = 719
Sending record with id = 720
Sending record with id = 721
Sending record with id = 722
Sending record with id = 723
Sending record with id = 724
Sending record with id = 725
Sending record with id = 726
Sending record with id = 727
Sending record with id = 728
Sending record with id = 729
Sending record with id = 730
Sending record with id = 731
Sending record with id = 732
Sending record with id = 733
Sending record with id = 734
Sending record with id = 735
Sending record with id = 736
Sending record with id = 737
Sending record with id = 738
Sending record with id = 739
Sending record with id = 740
Sending record with id = 741
Sending record with id = 742
Sending record with id = 743
Sending record with id = 744
Sending record with id = 745
Sending record with id = 746
Sending record with id = 747
Sending record with id = 748
Sending record with id = 749
Sending record with id = 750
Sending record with id = 751
Sending record with id = 752
Sending record with id = 753
Sending record with id = 754
Sending record with id = 755
Sending record with id = 756
Sending record with id = 757
Sending record with id = 758
Sending record with id = 759
Sending record with id = 760
Sending record with id = 761
Sending record with id = 762
Sending record with id = 763
Sending record with id = 764
Sending record with id = 765
Sending record with id = 766
Sending record with id = 767
Sending record with id = 768
Sending record with id = 769
Sending record with id = 770
Sending record with id = 771
Sending record with id = 772
Sending record with id = 773
Sending record with id = 774
Sending record with id = 775
Sending record with id = 776
Sending record with id = 777
Sending record with id = 778
Sending record with id = 779
Sending record with id = 780
Sending record with id = 781
Sending record with id = 782
Sending record with id = 783
Sending record with id = 784
Sending record with id = 785
Sending record with id = 786
Sending record with id = 787
Sending record with id = 788
Sending record with id = 789
Sending record with id = 790
Sending record with id = 791
Sending record with id = 792
Sending record with id = 793
Sending record with id = 794
Sending record with id = 795
Sending record with id = 796
Sending record with id = 797
Sending record with id = 798
Sending record with id = 799
Sending record with id = 800
Sending record with id = 801
Sending record with id = 802
Sending record with id = 803
Sending record with id = 804
Sending record with id = 805
Sending record with id = 806
Sending record with id = 807
Sending record with id = 808
Sending record with id = 809
Sending record with id = 810
Sending record with id = 811
Sending record with id = 812
Sending record with id = 813
Sending record with id = 814
Sending record with id = 815
Sending record with id = 816
Sending record with id = 817
Sending record with id = 818
Sending record with id = 819
Sending record with id = 820
Sending record with id = 821
Sending record with id = 822
Sending record with id = 823
Sending record with id = 824
Sending record with id = 825
Sending record with id = 826
Sending record with id = 827
Sending record with id = 828
Sending record with id = 829
Sending record with id = 830
Sending record with id = 831
Sending record with id = 832
Sending record with id = 833
Sending record with id = 834
Sending record with id = 835
Sending record with id = 836
Sending record with id = 837
Sending record with id = 838
Sending record with id = 839
Sending record with id = 840
Sending record with id = 841
Sending record with id = 842
Sending record with id = 843
Sending record with id = 844
Sending record with id = 845
Sending record with id = 846
Sending record with id = 847
Sending record with id = 848
Sending record with id = 849
Sending record with id = 850
Sending record with id = 851
Sending record with id = 852
Sending record with id = 853
Sending record with id = 854
Sending record with id = 855
Sending record with id = 856
Sending record with id = 857
Sending record with id = 858
Sending record with id = 859
Sending record with id = 860
Sending record with id = 861
Sending record with id = 862
Sending record with id = 863
Sending record with id = 864
Sending record with id = 865
Sending record with id = 866
Sending record with id = 867
Sending record with id = 868
Sending record with id = 869
Sending record with id = 870
Sending record with id = 871
Sending record with id = 872
Sending record with id = 873
Sending record with id = 874
Sending record with id = 875
Sending record with id = 876
Sending record with id = 877
Sending record with id = 878
Sending record with id = 879
Sending record with id = 880
Sending record with id = 881
Sending record with id = 882
Sending record with id = 883
Sending record with id = 884
Sending record with id = 885
Sending record with id = 886
Sending record with id = 887
Sending record with id = 888
Sending record with id = 889
Sending record with id = 890
Sending record with id = 891
Sending record with id = 892
Sending record with id = 893
Sending record with id = 894
Sending record with id = 895
Sending record with id = 896
Sending record with id = 897
Sending record with id = 898
Sending record with id = 899
Sending record with id = 900
Sending record with id = 901
Sending record with id = 902
Sending record with id = 903
Sending record with id = 904
Sending record with id = 905
Sending record with id = 906
Sending record with id = 907
Sending record with id = 908
Sending record with id = 909
Sending record with id = 910
Sending record with id = 911
Sending record with id = 912
Sending record with id = 913
Sending record with id = 914
Sending record with id = 915
Sending record with id = 916
Sending record with id = 917
Sending record with id = 918
Sending record with id = 919
Sending record with id = 920
Sending record with id = 921
Sending record with id = 922
Sending record with id = 923
Sending record with id = 924
Sending record with id = 925
Sending record with id = 926
Sending record with id = 927
Sending record with id = 928
Sending record with id = 929
Sending record with id = 930
Sending record with id = 931
Sending record with id = 932
Sending record with id = 933
Sending record with id = 934
Sending record with id = 935
Sending record with id = 936
Sending record with id = 937
Sending record with id = 938
Sending record with id = 939
Sending record with id = 940
Sending record with id = 941
Sending record with id = 942
Sending record with id = 943
Sending record with id = 944
Sending record with id = 945
Sending record with id = 946
Sending record with id = 947
Sending record with id = 948
Sending record with id = 949
Sending record with id = 950
Sending record with id = 951
Sending record with id = 952
Sending record with id = 953
Sending record with id = 954
Sending record with id = 955
Sending record with id = 956
Sending record with id = 957
Sending record with id = 958
Sending record with id = 959
Sending record with id = 960
Sending record with id = 961
Sending record with id = 962
Sending record with id = 963
Sending record with id = 964
Sending record with id = 965
Sending record with id = 966
Sending record with id = 967
Sending record with id = 968
Sending record with id = 969
Sending record with id = 970
Sending record with id = 971
Sending record with id = 972
Sending record with id = 973
Sending record with id = 974
Sending record with id = 975
Sending record with id = 976
Sending record with id = 977
Sending record with id = 978
Sending record with id = 979
Sending record with id = 980
Sending record with id = 981
Sending record with id = 982
Sending record with id = 983
Sending record with id = 984
Sending record with id = 985
Sending record with id = 986
Sending record with id = 987
Sending record with id = 988
Sending record with id = 989
Sending record with id = 990
Sending record with id = 991
Sending record with id = 992
Sending record with id = 993
Sending record with id = 994
Sending record with id = 995
Sending record with id = 996
Sending record with id = 997
Sending record with id = 998
Sending record with id = 999
Sending record with id = 1000
Successfully processed /data/data1.csv
Processing /data/data10.csv...
Sending record with id = 1001
Sending record with id = 1002
Sending record with id = 1003
Sending record with id = 1004
Sending record with id = 1005
Sending record with id = 1006
Sending record with id = 1007
Sending record with id = 1008
Sending record with id = 1009
Sending record with id = 1010
Sending record with id = 1011
Sending record with id = 1012
Sending record with id = 1013
Sending record with id = 1014
Sending record with id = 1015
Sending record with id = 1016
Sending record with id = 1017
Sending record with id = 1018
Sending record with id = 1019
Sending record with id = 1020
Sending record with id = 1021
Sending record with id = 1022
Sending record with id = 1023
Sending record with id = 1024
Sending record with id = 1025
Sending record with id = 1026
Sending record with id = 1027
Sending record with id = 1028
Sending record with id = 1029
Sending record with id = 1030
Sending record with id = 1031
Sending record with id = 1032
Sending record with id = 1033
Sending record with id = 1034
Sending record with id = 1035
Sending record with id = 1036
Sending record with id = 1037
Sending record with id = 1038
Sending record with id = 1039
Sending record with id = 1040
Sending record with id = 1041
Sending record with id = 1042
Sending record with id = 1043
Sending record with id = 1044
Sending record with id = 1045
Sending record with id = 1046
Sending record with id = 1047
Sending record with id = 1048
Sending record with id = 1049
Sending record with id = 1050
Sending record with id = 1051
Sending record with id = 1052
Sending record with id = 1053
Sending record with id = 1054
Sending record with id = 1055
Sending record with id = 1056
Sending record with id = 1057
Sending record with id = 1058
Sending record with id = 1059
Sending record with id = 1060
Sending record with id = 1061
Sending record with id = 1062
Sending record with id = 1063
Sending record with id = 1064
Sending record with id = 1065
Sending record with id = 1066
Sending record with id = 1067
Sending record with id = 1068
Sending record with id = 1069
Sending record with id = 1070
Sending record with id = 1071
Sending record with id = 1072
Sending record with id = 1073
Sending record with id = 1074
Sending record with id = 1075
Sending record with id = 1076
Sending record with id = 1077
Sending record with id = 1078
Sending record with id = 1079
Sending record with id = 1080
Sending record with id = 1081
Sending record with id = 1082
Sending record with id = 1083
Sending record with id = 1084
Sending record with id = 1085
Sending record with id = 1086
Sending record with id = 1087
Sending record with id = 1088
Sending record with id = 1089
Sending record with id = 1090
Sending record with id = 1091
Sending record with id = 1092
Sending record with id = 1093
Sending record with id = 1094
Sending record with id = 1095
Sending record with id = 1096
Sending record with id = 1097
Sending record with id = 1098
Sending record with id = 1099
Sending record with id = 1100
Sending record with id = 1101
Sending record with id = 1102
Sending record with id = 1103
Sending record with id = 1104
Sending record with id = 1105
Sending record with id = 1106
Sending record with id = 1107
Sending record with id = 1108
Sending record with id = 1109
Sending record with id = 1110
Sending record with id = 1111
Sending record with id = 1112
Sending record with id = 1113
Sending record with id = 1114
Sending record with id = 1115
Sending record with id = 1116
Sending record with id = 1117
Sending record with id = 1118
Sending record with id = 1119
Sending record with id = 1120
Sending record with id = 1121
Sending record with id = 1122
Sending record with id = 1123
Sending record with id = 1124
Sending record with id = 1125
Sending record with id = 1126
Sending record with id = 1127
Sending record with id = 1128
Sending record with id = 1129
Sending record with id = 1130
Sending record with id = 1131
Sending record with id = 1132
Sending record with id = 1133
Sending record with id = 1134
Sending record with id = 1135
Sending record with id = 1136
Sending record with id = 1137
Sending record with id = 1138
Sending record with id = 1139
Sending record with id = 1140
Sending record with id = 1141
Sending record with id = 1142
Sending record with id = 1143
Sending record with id = 1144
Sending record with id = 1145
Sending record with id = 1146
Sending record with id = 1147
Sending record with id = 1148
Sending record with id = 1149
Sending record with id = 1150
Sending record with id = 1151
Sending record with id = 1152
Sending record with id = 1153
Sending record with id = 1154
Sending record with id = 1155
Sending record with id = 1156
Sending record with id = 1157
Sending record with id = 1158
Sending record with id = 1159
Sending record with id = 1160
Sending record with id = 1161
Sending record with id = 1162
Sending record with id = 1163
Sending record with id = 1164
Sending record with id = 1165
Sending record with id = 1166
Sending record with id = 1167
Sending record with id = 1168
Sending record with id = 1169
Sending record with id = 1170
Sending record with id = 1171
Sending record with id = 1172
Sending record with id = 1173
Sending record with id = 1174
Sending record with id = 1175
Sending record with id = 1176
Sending record with id = 1177
Sending record with id = 1178
Sending record with id = 1179
Sending record with id = 1180
Sending record with id = 1181
Sending record with id = 1182
Sending record with id = 1183
Sending record with id = 1184
Sending record with id = 1185
Sending record with id = 1186
Sending record with id = 1187
Sending record with id = 1188
Sending record with id = 1189
Sending record with id = 1190
Sending record with id = 1191
Sending record with id = 1192
Sending record with id = 1193
Sending record with id = 1194
Sending record with id = 1195
Sending record with id = 1196
Sending record with id = 1197
Sending record with id = 1198
Sending record with id = 1199
Sending record with id = 1200
Sending record with id = 1201
Sending record with id = 1202
Sending record with id = 1203
Sending record with id = 1204
Sending record with id = 1205
Sending record with id = 1206
Sending record with id = 1207
Sending record with id = 1208
Sending record with id = 1209
Sending record with id = 1210
Sending record with id = 1211
Sending record with id = 1212
Sending record with id = 1213
Sending record with id = 1214
Sending record with id = 1215
Sending record with id = 1216
Sending record with id = 1217
Sending record with id = 1218
Sending record with id = 1219
Sending record with id = 1220
Sending record with id = 1221
Sending record with id = 1222
Sending record with id = 1223
Sending record with id = 1224
Sending record with id = 1225
Sending record with id = 1226
Sending record with id = 1227
Sending record with id = 1228
Sending record with id = 1229
Sending record with id = 1230
Sending record with id = 1231
Sending record with id = 1232
Sending record with id = 1233
Sending record with id = 1234
Sending record with id = 1235
Sending record with id = 1236
Sending record with id = 1237
Sending record with id = 1238
Sending record with id = 1239
Sending record with id = 1240
Sending record with id = 1241
Sending record with id = 1242
Sending record with id = 1243
Sending record with id = 1244
Sending record with id = 1245
Sending record with id = 1246
Sending record with id = 1247
Sending record with id = 1248
Sending record with id = 1249
Sending record with id = 1250
Sending record with id = 1251
Sending record with id = 1252
Sending record with id = 1253
Sending record with id = 1254
Sending record with id = 1255
Sending record with id = 1256
Sending record with id = 1257
Sending record with id = 1258
Sending record with id = 1259
Sending record with id = 1260
Sending record with id = 1261
Sending record with id = 1262
Sending record with id = 1263
Sending record with id = 1264
Sending record with id = 1265
Sending record with id = 1266
Sending record with id = 1267
Sending record with id = 1268
Sending record with id = 1269
Sending record with id = 1270
Sending record with id = 1271
Sending record with id = 1272
Sending record with id = 1273
Sending record with id = 1274
Sending record with id = 1275
Sending record with id = 1276
Sending record with id = 1277
Sending record with id = 1278
Sending record with id = 1279
Sending record with id = 1280
Sending record with id = 1281
Sending record with id = 1282
Sending record with id = 1283
Sending record with id = 1284
Sending record with id = 1285
Sending record with id = 1286
Sending record with id = 1287
Sending record with id = 1288
Sending record with id = 1289
Sending record with id = 1290
Sending record with id = 1291
Sending record with id = 1292
Sending record with id = 1293
Sending record with id = 1294
Sending record with id = 1295
Sending record with id = 1296
Sending record with id = 1297
Sending record with id = 1298
Sending record with id = 1299
Sending record with id = 1300
Sending record with id = 1301
Sending record with id = 1302
Sending record with id = 1303
Sending record with id = 1304
Sending record with id = 1305
Sending record with id = 1306
Sending record with id = 1307
Sending record with id = 1308
Sending record with id = 1309
Sending record with id = 1310
Sending record with id = 1311
Sending record with id = 1312
Sending record with id = 1313
Sending record with id = 1314
Sending record with id = 1315
Sending record with id = 1316
Sending record with id = 1317
Sending record with id = 1318
Sending record with id = 1319
Sending record with id = 1320
Sending record with id = 1321
Sending record with id = 1322
Sending record with id = 1323
Sending record with id = 1324
Sending record with id = 1325
Sending record with id = 1326
Sending record with id = 1327
Sending record with id = 1328
Sending record with id = 1329
Sending record with id = 1330
Sending record with id = 1331
Sending record with id = 1332
Sending record with id = 1333
Sending record with id = 1334
Sending record with id = 1335
Sending record with id = 1336
Sending record with id = 1337
Sending record with id = 1338
Sending record with id = 1339
Sending record with id = 1340
Sending record with id = 1341
Sending record with id = 1342
Sending record with id = 1343
Sending record with id = 1344
Sending record with id = 1345
Sending record with id = 1346
Sending record with id = 1347
Sending record with id = 1348
Sending record with id = 1349
Sending record with id = 1350
Sending record with id = 1351
Sending record with id = 1352
Sending record with id = 1353
Sending record with id = 1354
Sending record with id = 1355
Sending record with id = 1356
Sending record with id = 1357
Sending record with id = 1358
Sending record with id = 1359
Sending record with id = 1360
Sending record with id = 1361
Sending record with id = 1362
Sending record with id = 1363
Sending record with id = 1364
Sending record with id = 1365
Sending record with id = 1366
Sending record with id = 1367
Sending record with id = 1368
Sending record with id = 1369
Sending record with id = 1370
Sending record with id = 1371
Sending record with id = 1372
Sending record with id = 1373
Sending record with id = 1374
Sending record with id = 1375
Sending record with id = 1376
Sending record with id = 1377
Sending record with id = 1378
Sending record with id = 1379
Sending record with id = 1380
Sending record with id = 1381
Sending record with id = 1382
Sending record with id = 1383
Sending record with id = 1384
Sending record with id = 1385
Sending record with id = 1386
Sending record with id = 1387
Sending record with id = 1388
Sending record with id = 1389
Sending record with id = 1390
Sending record with id = 1391
Sending record with id = 1392
Sending record with id = 1393
Sending record with id = 1394
Sending record with id = 1395
Sending record with id = 1396
Sending record with id = 1397
Sending record with id = 1398
Sending record with id = 1399
Sending record with id = 1400
Sending record with id = 1401
Sending record with id = 1402
Sending record with id = 1403
Sending record with id = 1404
Sending record with id = 1405
Sending record with id = 1406
Sending record with id = 1407
Sending record with id = 1408
Sending record with id = 1409
Sending record with id = 1410
Sending record with id = 1411
Sending record with id = 1412
Sending record with id = 1413
Sending record with id = 1414
Sending record with id = 1415
Sending record with id = 1416
Sending record with id = 1417
Sending record with id = 1418
Sending record with id = 1419
Sending record with id = 1420
Sending record with id = 1421
Sending record with id = 1422
Sending record with id = 1423
Sending record with id = 1424
Sending record with id = 1425
Sending record with id = 1426
Sending record with id = 1427
Sending record with id = 1428
Sending record with id = 1429
Sending record with id = 1430
Sending record with id = 1431
Sending record with id = 1432
Sending record with id = 1433
Sending record with id = 1434
Sending record with id = 1435
Sending record with id = 1436
Sending record with id = 1437
Sending record with id = 1438
Sending record with id = 1439
Sending record with id = 1440
Sending record with id = 1441
Sending record with id = 1442
Sending record with id = 1443
Sending record with id = 1444
Sending record with id = 1445
Sending record with id = 1446
Sending record with id = 1447
Sending record with id = 1448
Sending record with id = 1449
Sending record with id = 1450
Sending record with id = 1451
Sending record with id = 1452
Sending record with id = 1453
Sending record with id = 1454
Sending record with id = 1455
Sending record with id = 1456
Sending record with id = 1457
Sending record with id = 1458
Sending record with id = 1459
Sending record with id = 1460
Sending record with id = 1461
Sending record with id = 1462
Sending record with id = 1463
Sending record with id = 1464
Sending record with id = 1465
Sending record with id = 1466
Sending record with id = 1467
Sending record with id = 1468
Sending record with id = 1469
Sending record with id = 1470
Sending record with id = 1471
Sending record with id = 1472
Sending record with id = 1473
Sending record with id = 1474
Sending record with id = 1475
Sending record with id = 1476
Sending record with id = 1477
Sending record with id = 1478
Sending record with id = 1479
Sending record with id = 1480
Sending record with id = 1481
Sending record with id = 1482
Sending record with id = 1483
Sending record with id = 1484
Sending record with id = 1485
Sending record with id = 1486
Sending record with id = 1487
Sending record with id = 1488
Sending record with id = 1489
Sending record with id = 1490
Sending record with id = 1491
Sending record with id = 1492
Sending record with id = 1493
Sending record with id = 1494
Sending record with id = 1495
Sending record with id = 1496
Sending record with id = 1497
Sending record with id = 1498
Sending record with id = 1499
Sending record with id = 1500
Sending record with id = 1501
Sending record with id = 1502
Sending record with id = 1503
Sending record with id = 1504
Sending record with id = 1505
Sending record with id = 1506
Sending record with id = 1507
Sending record with id = 1508
Sending record with id = 1509
Sending record with id = 1510
Sending record with id = 1511
Sending record with id = 1512
Sending record with id = 1513
Sending record with id = 1514
Sending record with id = 1515
Sending record with id = 1516
Sending record with id = 1517
Sending record with id = 1518
Sending record with id = 1519
Sending record with id = 1520
Sending record with id = 1521
Sending record with id = 1522
Sending record with id = 1523
Sending record with id = 1524
Sending record with id = 1525
Sending record with id = 1526
Sending record with id = 1527
Sending record with id = 1528
Sending record with id = 1529
Sending record with id = 1530
Sending record with id = 1531
Sending record with id = 1532
Sending record with id = 1533
Sending record with id = 1534
Sending record with id = 1535
Sending record with id = 1536
Sending record with id = 1537
Sending record with id = 1538
Sending record with id = 1539
Sending record with id = 1540
Sending record with id = 1541
Sending record with id = 1542
Sending record with id = 1543
Sending record with id = 1544
Sending record with id = 1545
Sending record with id = 1546
Sending record with id = 1547
Sending record with id = 1548
Sending record with id = 1549
Sending record with id = 1550
Sending record with id = 1551
Sending record with id = 1552
Sending record with id = 1553
Sending record with id = 1554
Sending record with id = 1555
Sending record with id = 1556
Sending record with id = 1557
Sending record with id = 1558
Sending record with id = 1559
Sending record with id = 1560
Sending record with id = 1561
Sending record with id = 1562
Sending record with id = 1563
Sending record with id = 1564
Sending record with id = 1565
Sending record with id = 1566
Sending record with id = 1567
Sending record with id = 1568
Sending record with id = 1569
Sending record with id = 1570
Sending record with id = 1571
Sending record with id = 1572
Sending record with id = 1573
Sending record with id = 1574
Sending record with id = 1575
Sending record with id = 1576
Sending record with id = 1577
Sending record with id = 1578
Sending record with id = 1579
Sending record with id = 1580
Sending record with id = 1581
Sending record with id = 1582
Sending record with id = 1583
Sending record with id = 1584
Sending record with id = 1585
Sending record with id = 1586
Sending record with id = 1587
Sending record with id = 1588
Sending record with id = 1589
Sending record with id = 1590
Sending record with id = 1591
Sending record with id = 1592
Sending record with id = 1593
Sending record with id = 1594
Sending record with id = 1595
Sending record with id = 1596
Sending record with id = 1597
Sending record with id = 1598
Sending record with id = 1599
Sending record with id = 1600
Sending record with id = 1601
Sending record with id = 1602
Sending record with id = 1603
Sending record with id = 1604
Sending record with id = 1605
Sending record with id = 1606
Sending record with id = 1607
Sending record with id = 1608
Sending record with id = 1609
Sending record with id = 1610
Sending record with id = 1611
Sending record with id = 1612
Sending record with id = 1613
Sending record with id = 1614
Sending record with id = 1615
Sending record with id = 1616
Sending record with id = 1617
Sending record with id = 1618
Sending record with id = 1619
Sending record with id = 1620
Sending record with id = 1621
Sending record with id = 1622
Sending record with id = 1623
Sending record with id = 1624
Sending record with id = 1625
Sending record with id = 1626
Sending record with id = 1627
Sending record with id = 1628
Sending record with id = 1629
Sending record with id = 1630
Sending record with id = 1631
Sending record with id = 1632
Sending record with id = 1633
Sending record with id = 1634
Sending record with id = 1635
Sending record with id = 1636
Sending record with id = 1637
Sending record with id = 1638
Sending record with id = 1639
Sending record with id = 1640
Sending record with id = 1641
Sending record with id = 1642
Sending record with id = 1643
Sending record with id = 1644
Sending record with id = 1645
Sending record with id = 1646
Sending record with id = 1647
Sending record with id = 1648
Sending record with id = 1649
Sending record with id = 1650
Sending record with id = 1651
Sending record with id = 1652
Sending record with id = 1653
Sending record with id = 1654
Sending record with id = 1655
Sending record with id = 1656
Sending record with id = 1657
Sending record with id = 1658
Sending record with id = 1659
Sending record with id = 1660
Sending record with id = 1661
Sending record with id = 1662
Sending record with id = 1663
Sending record with id = 1664
Sending record with id = 1665
Sending record with id = 1666
Sending record with id = 1667
Sending record with id = 1668
Sending record with id = 1669
Sending record with id = 1670
Sending record with id = 1671
Sending record with id = 1672
Sending record with id = 1673
Sending record with id = 1674
Sending record with id = 1675
Sending record with id = 1676
Sending record with id = 1677
Sending record with id = 1678
Sending record with id = 1679
Sending record with id = 1680
Sending record with id = 1681
Sending record with id = 1682
Sending record with id = 1683
Sending record with id = 1684
Sending record with id = 1685
Sending record with id = 1686
Sending record with id = 1687
Sending record with id = 1688
Sending record with id = 1689
Sending record with id = 1690
Sending record with id = 1691
Sending record with id = 1692
Sending record with id = 1693
Sending record with id = 1694
Sending record with id = 1695
Sending record with id = 1696
Sending record with id = 1697
Sending record with id = 1698
Sending record with id = 1699
Sending record with id = 1700
Sending record with id = 1701
Sending record with id = 1702
Sending record with id = 1703
Sending record with id = 1704
Sending record with id = 1705
Sending record with id = 1706
Sending record with id = 1707
Sending record with id = 1708
Sending record with id = 1709
Sending record with id = 1710
Sending record with id = 1711
Sending record with id = 1712
Sending record with id = 1713
Sending record with id = 1714
Sending record with id = 1715
Sending record with id = 1716
Sending record with id = 1717
Sending record with id = 1718
Sending record with id = 1719
Sending record with id = 1720
Sending record with id = 1721
Sending record with id = 1722
Sending record with id = 1723
Sending record with id = 1724
Sending record with id = 1725
Sending record with id = 1726
Sending record with id = 1727
Sending record with id = 1728
Sending record with id = 1729
Sending record with id = 1730
Sending record with id = 1731
Sending record with id = 1732
Sending record with id = 1733
Sending record with id = 1734
Sending record with id = 1735
Sending record with id = 1736
Sending record with id = 1737
Sending record with id = 1738
Sending record with id = 1739
Sending record with id = 1740
Sending record with id = 1741
Sending record with id = 1742
Sending record with id = 1743
Sending record with id = 1744
Sending record with id = 1745
Sending record with id = 1746
Sending record with id = 1747
Sending record with id = 1748
Sending record with id = 1749
Sending record with id = 1750
Sending record with id = 1751
Sending record with id = 1752
Sending record with id = 1753
Sending record with id = 1754
Sending record with id = 1755
Sending record with id = 1756
Sending record with id = 1757
Sending record with id = 1758
Sending record with id = 1759
Sending record with id = 1760
Sending record with id = 1761
Sending record with id = 1762
Sending record with id = 1763
Sending record with id = 1764
Sending record with id = 1765
Sending record with id = 1766
Sending record with id = 1767
Sending record with id = 1768
Sending record with id = 1769
Sending record with id = 1770
Sending record with id = 1771
Sending record with id = 1772
Sending record with id = 1773
Sending record with id = 1774
Sending record with id = 1775
Sending record with id = 1776
Sending record with id = 1777
Sending record with id = 1778
Sending record with id = 1779
Sending record with id = 1780
Sending record with id = 1781
Sending record with id = 1782
Sending record with id = 1783
Sending record with id = 1784
Sending record with id = 1785
Sending record with id = 1786
Sending record with id = 1787
Sending record with id = 1788
Sending record with id = 1789
Sending record with id = 1790
Sending record with id = 1791
Sending record with id = 1792
Sending record with id = 1793
Sending record with id = 1794
Sending record with id = 1795
Sending record with id = 1796
Sending record with id = 1797
Sending record with id = 1798
Sending record with id = 1799
Sending record with id = 1800
Sending record with id = 1801
Sending record with id = 1802
Sending record with id = 1803
Sending record with id = 1804
Sending record with id = 1805
Sending record with id = 1806
Sending record with id = 1807
Sending record with id = 1808
Sending record with id = 1809
Sending record with id = 1810
Sending record with id = 1811
Sending record with id = 1812
Sending record with id = 1813
Sending record with id = 1814
Sending record with id = 1815
Sending record with id = 1816
Sending record with id = 1817
Sending record with id = 1818
Sending record with id = 1819
Sending record with id = 1820
Sending record with id = 1821
Sending record with id = 1822
Sending record with id = 1823
Sending record with id = 1824
Sending record with id = 1825
Sending record with id = 1826
Sending record with id = 1827
Sending record with id = 1828
Sending record with id = 1829
Sending record with id = 1830
Sending record with id = 1831
Sending record with id = 1832
Sending record with id = 1833
Sending record with id = 1834
Sending record with id = 1835
Sending record with id = 1836
Sending record with id = 1837
Sending record with id = 1838
Sending record with id = 1839
Sending record with id = 1840
Sending record with id = 1841
Sending record with id = 1842
Sending record with id = 1843
Sending record with id = 1844
Sending record with id = 1845
Sending record with id = 1846
Sending record with id = 1847
Sending record with id = 1848
Sending record with id = 1849
Sending record with id = 1850
Sending record with id = 1851
Sending record with id = 1852
Sending record with id = 1853
Sending record with id = 1854
Sending record with id = 1855
Sending record with id = 1856
Sending record with id = 1857
Sending record with id = 1858
Sending record with id = 1859
Sending record with id = 1860
Sending record with id = 1861
Sending record with id = 1862
Sending record with id = 1863
Sending record with id = 1864
Sending record with id = 1865
Sending record with id = 1866
Sending record with id = 1867
Sending record with id = 1868
Sending record with id = 1869
Sending record with id = 1870
Sending record with id = 1871
Sending record with id = 1872
Sending record with id = 1873
Sending record with id = 1874
Sending record with id = 1875
Sending record with id = 1876
Sending record with id = 1877
Sending record with id = 1878
Sending record with id = 1879
Sending record with id = 1880
Sending record with id = 1881
Sending record with id = 1882
Sending record with id = 1883
Sending record with id = 1884
Sending record with id = 1885
Sending record with id = 1886
Sending record with id = 1887
Sending record with id = 1888
Sending record with id = 1889
Sending record with id = 1890
Sending record with id = 1891
Sending record with id = 1892
Sending record with id = 1893
Sending record with id = 1894
Sending record with id = 1895
Sending record with id = 1896
Sending record with id = 1897
Sending record with id = 1898
Sending record with id = 1899
Sending record with id = 1900
Sending record with id = 1901
Sending record with id = 1902
Sending record with id = 1903
Sending record with id = 1904
Sending record with id = 1905
Sending record with id = 1906
Sending record with id = 1907
Sending record with id = 1908
Sending record with id = 1909
Sending record with id = 1910
Sending record with id = 1911
Sending record with id = 1912
Sending record with id = 1913
Sending record with id = 1914
Sending record with id = 1915
Sending record with id = 1916
Sending record with id = 1917
Sending record with id = 1918
Sending record with id = 1919
Sending record with id = 1920
Sending record with id = 1921
Sending record with id = 1922
Sending record with id = 1923
Sending record with id = 1924
Sending record with id = 1925
Sending record with id = 1926
Sending record with id = 1927
Sending record with id = 1928
Sending record with id = 1929
Sending record with id = 1930
Sending record with id = 1931
Sending record with id = 1932
Sending record with id = 1933
Sending record with id = 1934
Sending record with id = 1935
Sending record with id = 1936
Sending record with id = 1937
Sending record with id = 1938
Sending record with id = 1939
Sending record with id = 1940
Sending record with id = 1941
Sending record with id = 1942
Sending record with id = 1943
Sending record with id = 1944
Sending record with id = 1945
Sending record with id = 1946
Sending record with id = 1947
Sending record with id = 1948
Sending record with id = 1949
Sending record with id = 1950
Sending record with id = 1951
Sending record with id = 1952
Sending record with id = 1953
Sending record with id = 1954
Sending record with id = 1955
Sending record with id = 1956
Sending record with id = 1957
Sending record with id = 1958
Sending record with id = 1959
Sending record with id = 1960
Sending record with id = 1961
Sending record with id = 1962
Sending record with id = 1963
Sending record with id = 1964
Sending record with id = 1965
Sending record with id = 1966
Sending record with id = 1967
Sending record with id = 1968
Sending record with id = 1969
Sending record with id = 1970
Sending record with id = 1971
Sending record with id = 1972
Sending record with id = 1973
Sending record with id = 1974
Sending record with id = 1975
Sending record with id = 1976
Sending record with id = 1977
Sending record with id = 1978
Sending record with id = 1979
Sending record with id = 1980
Sending record with id = 1981
Sending record with id = 1982
Sending record with id = 1983
Sending record with id = 1984
Sending record with id = 1985
Sending record with id = 1986
Sending record with id = 1987
Sending record with id = 1988
Sending record with id = 1989
Sending record with id = 1990
Sending record with id = 1991
Sending record with id = 1992
Sending record with id = 1993
Sending record with id = 1994
Sending record with id = 1995
Sending record with id = 1996
Sending record with id = 1997
Sending record with id = 1998
Sending record with id = 1999
Sending record with id = 2000
Successfully processed /data/data10.csv
Processing /data/data2.csv...
Sending record with id = 2001
Sending record with id = 2002
Sending record with id = 2003
Sending record with id = 2004
Sending record with id = 2005
Sending record with id = 2006
Sending record with id = 2007
Sending record with id = 2008
Sending record with id = 2009
Sending record with id = 2010
Sending record with id = 2011
Sending record with id = 2012
Sending record with id = 2013
Sending record with id = 2014
Sending record with id = 2015
Sending record with id = 2016
Sending record with id = 2017
Sending record with id = 2018
Sending record with id = 2019
Sending record with id = 2020
Sending record with id = 2021
Sending record with id = 2022
Sending record with id = 2023
Sending record with id = 2024
Sending record with id = 2025
Sending record with id = 2026
Sending record with id = 2027
Sending record with id = 2028
Sending record with id = 2029
Sending record with id = 2030
Sending record with id = 2031
Sending record with id = 2032
Sending record with id = 2033
Sending record with id = 2034
Sending record with id = 2035
Sending record with id = 2036
Sending record with id = 2037
Sending record with id = 2038
Sending record with id = 2039
Sending record with id = 2040
Sending record with id = 2041
Sending record with id = 2042
Sending record with id = 2043
Sending record with id = 2044
Sending record with id = 2045
Sending record with id = 2046
Sending record with id = 2047
Sending record with id = 2048
Sending record with id = 2049
Sending record with id = 2050
Sending record with id = 2051
Sending record with id = 2052
Sending record with id = 2053
Sending record with id = 2054
Sending record with id = 2055
Sending record with id = 2056
Sending record with id = 2057
Sending record with id = 2058
Sending record with id = 2059
Sending record with id = 2060
Sending record with id = 2061
Sending record with id = 2062
Sending record with id = 2063
Sending record with id = 2064
Sending record with id = 2065
Sending record with id = 2066
Sending record with id = 2067
Sending record with id = 2068
Sending record with id = 2069
Sending record with id = 2070
Sending record with id = 2071
Sending record with id = 2072
Sending record with id = 2073
Sending record with id = 2074
Sending record with id = 2075
Sending record with id = 2076
Sending record with id = 2077
Sending record with id = 2078
Sending record with id = 2079
Sending record with id = 2080
Sending record with id = 2081
Sending record with id = 2082
Sending record with id = 2083
Sending record with id = 2084
Sending record with id = 2085
Sending record with id = 2086
Sending record with id = 2087
Sending record with id = 2088
Sending record with id = 2089
Sending record with id = 2090
Sending record with id = 2091
Sending record with id = 2092
Sending record with id = 2093
Sending record with id = 2094
Sending record with id = 2095
Sending record with id = 2096
Sending record with id = 2097
Sending record with id = 2098
Sending record with id = 2099
Sending record with id = 2100
Sending record with id = 2101
Sending record with id = 2102
Sending record with id = 2103
Sending record with id = 2104
Sending record with id = 2105
Sending record with id = 2106
Sending record with id = 2107
Sending record with id = 2108
Sending record with id = 2109
Sending record with id = 2110
Sending record with id = 2111
Sending record with id = 2112
Sending record with id = 2113
Sending record with id = 2114
Sending record with id = 2115
Sending record with id = 2116
Sending record with id = 2117
Sending record with id = 2118
Sending record with id = 2119
Sending record with id = 2120
Sending record with id = 2121
Sending record with id = 2122
Sending record with id = 2123
Sending record with id = 2124
Sending record with id = 2125
Sending record with id = 2126
Sending record with id = 2127
Sending record with id = 2128
Sending record with id = 2129
Sending record with id = 2130
Sending record with id = 2131
Sending record with id = 2132
Sending record with id = 2133
Sending record with id = 2134
Sending record with id = 2135
Sending record with id = 2136
Sending record with id = 2137
Sending record with id = 2138
Sending record with id = 2139
Sending record with id = 2140
Sending record with id = 2141
Sending record with id = 2142
Sending record with id = 2143
Sending record with id = 2144
Sending record with id = 2145
Sending record with id = 2146
Sending record with id = 2147
Sending record with id = 2148
Sending record with id = 2149
Sending record with id = 2150
Sending record with id = 2151
Sending record with id = 2152
Sending record with id = 2153
Sending record with id = 2154
Sending record with id = 2155
Sending record with id = 2156
Sending record with id = 2157
Sending record with id = 2158
Sending record with id = 2159
Sending record with id = 2160
Sending record with id = 2161
Sending record with id = 2162
Sending record with id = 2163
Sending record with id = 2164
Sending record with id = 2165
Sending record with id = 2166
Sending record with id = 2167
Sending record with id = 2168
Sending record with id = 2169
Sending record with id = 2170
Sending record with id = 2171
Sending record with id = 2172
Sending record with id = 2173
Sending record with id = 2174
Sending record with id = 2175
Sending record with id = 2176
Sending record with id = 2177
Sending record with id = 2178
Sending record with id = 2179
Sending record with id = 2180
Sending record with id = 2181
Sending record with id = 2182
Sending record with id = 2183
Sending record with id = 2184
Sending record with id = 2185
Sending record with id = 2186
Sending record with id = 2187
Sending record with id = 2188
Sending record with id = 2189
Sending record with id = 2190
Sending record with id = 2191
Sending record with id = 2192
Sending record with id = 2193
Sending record with id = 2194
Sending record with id = 2195
Sending record with id = 2196
Sending record with id = 2197
Sending record with id = 2198
Sending record with id = 2199
Sending record with id = 2200
Sending record with id = 2201
Sending record with id = 2202
Sending record with id = 2203
Sending record with id = 2204
Sending record with id = 2205
Sending record with id = 2206
Sending record with id = 2207
Sending record with id = 2208
Sending record with id = 2209
Sending record with id = 2210
Sending record with id = 2211
Sending record with id = 2212
Sending record with id = 2213
Sending record with id = 2214
Sending record with id = 2215
Sending record with id = 2216
Sending record with id = 2217
Sending record with id = 2218
Sending record with id = 2219
Sending record with id = 2220
Sending record with id = 2221
Sending record with id = 2222
Sending record with id = 2223
Sending record with id = 2224
Sending record with id = 2225
Sending record with id = 2226
Sending record with id = 2227
Sending record with id = 2228
Sending record with id = 2229
Sending record with id = 2230
Sending record with id = 2231
Sending record with id = 2232
Sending record with id = 2233
Sending record with id = 2234
Sending record with id = 2235
Sending record with id = 2236
Sending record with id = 2237
Sending record with id = 2238
Sending record with id = 2239
Sending record with id = 2240
Sending record with id = 2241
Sending record with id = 2242
Sending record with id = 2243
Sending record with id = 2244
Sending record with id = 2245
Sending record with id = 2246
Sending record with id = 2247
Sending record with id = 2248
Sending record with id = 2249
Sending record with id = 2250
Sending record with id = 2251
Sending record with id = 2252
Sending record with id = 2253
Sending record with id = 2254
Sending record with id = 2255
Sending record with id = 2256
Sending record with id = 2257
Sending record with id = 2258
Sending record with id = 2259
Sending record with id = 2260
Sending record with id = 2261
Sending record with id = 2262
Sending record with id = 2263
Sending record with id = 2264
Sending record with id = 2265
Sending record with id = 2266
Sending record with id = 2267
Sending record with id = 2268
Sending record with id = 2269
Sending record with id = 2270
Sending record with id = 2271
Sending record with id = 2272
Sending record with id = 2273
Sending record with id = 2274
Sending record with id = 2275
Sending record with id = 2276
Sending record with id = 2277
Sending record with id = 2278
Sending record with id = 2279
Sending record with id = 2280
Sending record with id = 2281
Sending record with id = 2282
Sending record with id = 2283
Sending record with id = 2284
Sending record with id = 2285
Sending record with id = 2286
Sending record with id = 2287
Sending record with id = 2288
Sending record with id = 2289
Sending record with id = 2290
Sending record with id = 2291
Sending record with id = 2292
Sending record with id = 2293
Sending record with id = 2294
Sending record with id = 2295
Sending record with id = 2296
Sending record with id = 2297
Sending record with id = 2298
Sending record with id = 2299
Sending record with id = 2300
Sending record with id = 2301
Sending record with id = 2302
Sending record with id = 2303
Sending record with id = 2304
Sending record with id = 2305
Sending record with id = 2306
Sending record with id = 2307
Sending record with id = 2308
Sending record with id = 2309
Sending record with id = 2310
Sending record with id = 2311
Sending record with id = 2312
Sending record with id = 2313
Sending record with id = 2314
Sending record with id = 2315
Sending record with id = 2316
Sending record with id = 2317
Sending record with id = 2318
Sending record with id = 2319
Sending record with id = 2320
Sending record with id = 2321
Sending record with id = 2322
Sending record with id = 2323
Sending record with id = 2324
Sending record with id = 2325
Sending record with id = 2326
Sending record with id = 2327
Sending record with id = 2328
Sending record with id = 2329
Sending record with id = 2330
Sending record with id = 2331
Sending record with id = 2332
Sending record with id = 2333
Sending record with id = 2334
Sending record with id = 2335
Sending record with id = 2336
Sending record with id = 2337
Sending record with id = 2338
Sending record with id = 2339
Sending record with id = 2340
Sending record with id = 2341
Sending record with id = 2342
Sending record with id = 2343
Sending record with id = 2344
Sending record with id = 2345
Sending record with id = 2346
Sending record with id = 2347
Sending record with id = 2348
Sending record with id = 2349
Sending record with id = 2350
Sending record with id = 2351
Sending record with id = 2352
Sending record with id = 2353
Sending record with id = 2354
Sending record with id = 2355
Sending record with id = 2356
Sending record with id = 2357
Sending record with id = 2358
Sending record with id = 2359
Sending record with id = 2360
Sending record with id = 2361
Sending record with id = 2362
Sending record with id = 2363
Sending record with id = 2364
Sending record with id = 2365
Sending record with id = 2366
Sending record with id = 2367
Sending record with id = 2368
Sending record with id = 2369
Sending record with id = 2370
Sending record with id = 2371
Sending record with id = 2372
Sending record with id = 2373
Sending record with id = 2374
Sending record with id = 2375
Sending record with id = 2376
Sending record with id = 2377
Sending record with id = 2378
Sending record with id = 2379
Sending record with id = 2380
Sending record with id = 2381
Sending record with id = 2382
Sending record with id = 2383
Sending record with id = 2384
Sending record with id = 2385
Sending record with id = 2386
Sending record with id = 2387
Sending record with id = 2388
Sending record with id = 2389
Sending record with id = 2390
Sending record with id = 2391
Sending record with id = 2392
Sending record with id = 2393
Sending record with id = 2394
Sending record with id = 2395
Sending record with id = 2396
Sending record with id = 2397
Sending record with id = 2398
Sending record with id = 2399
Sending record with id = 2400
Sending record with id = 2401
Sending record with id = 2402
Sending record with id = 2403
Sending record with id = 2404
Sending record with id = 2405
Sending record with id = 2406
Sending record with id = 2407
Sending record with id = 2408
Sending record with id = 2409
Sending record with id = 2410
Sending record with id = 2411
Sending record with id = 2412
Sending record with id = 2413
Sending record with id = 2414
Sending record with id = 2415
Sending record with id = 2416
Sending record with id = 2417
Sending record with id = 2418
Sending record with id = 2419
Sending record with id = 2420
Sending record with id = 2421
Sending record with id = 2422
Sending record with id = 2423
Sending record with id = 2424
Sending record with id = 2425
Sending record with id = 2426
Sending record with id = 2427
Sending record with id = 2428
Sending record with id = 2429
Sending record with id = 2430
Sending record with id = 2431
Sending record with id = 2432
Sending record with id = 2433
Sending record with id = 2434
Sending record with id = 2435
Sending record with id = 2436
Sending record with id = 2437
Sending record with id = 2438
Sending record with id = 2439
Sending record with id = 2440
Sending record with id = 2441
Sending record with id = 2442
Sending record with id = 2443
Sending record with id = 2444
Sending record with id = 2445
Sending record with id = 2446
Sending record with id = 2447
Sending record with id = 2448
Sending record with id = 2449
Sending record with id = 2450
Sending record with id = 2451
Sending record with id = 2452
Sending record with id = 2453
Sending record with id = 2454
Sending record with id = 2455
Sending record with id = 2456
Sending record with id = 2457
Sending record with id = 2458
Sending record with id = 2459
Sending record with id = 2460
Sending record with id = 2461
Sending record with id = 2462
Sending record with id = 2463
Sending record with id = 2464
Sending record with id = 2465
Sending record with id = 2466
Sending record with id = 2467
Sending record with id = 2468
Sending record with id = 2469
Sending record with id = 2470
Sending record with id = 2471
Sending record with id = 2472
Sending record with id = 2473
Sending record with id = 2474
Sending record with id = 2475
Sending record with id = 2476
Sending record with id = 2477
Sending record with id = 2478
Sending record with id = 2479
Sending record with id = 2480
Sending record with id = 2481
Sending record with id = 2482
Sending record with id = 2483
Sending record with id = 2484
Sending record with id = 2485
Sending record with id = 2486
Sending record with id = 2487
Sending record with id = 2488
Sending record with id = 2489
Sending record with id = 2490
Sending record with id = 2491
Sending record with id = 2492
Sending record with id = 2493
Sending record with id = 2494
Sending record with id = 2495
Sending record with id = 2496
Sending record with id = 2497
Sending record with id = 2498
Sending record with id = 2499
Sending record with id = 2500
Sending record with id = 2501
Sending record with id = 2502
Sending record with id = 2503
Sending record with id = 2504
Sending record with id = 2505
Sending record with id = 2506
Sending record with id = 2507
Sending record with id = 2508
Sending record with id = 2509
Sending record with id = 2510
Sending record with id = 2511
Sending record with id = 2512
Sending record with id = 2513
Sending record with id = 2514
Sending record with id = 2515
Sending record with id = 2516
Sending record with id = 2517
Sending record with id = 2518
Sending record with id = 2519
Sending record with id = 2520
Sending record with id = 2521
Sending record with id = 2522
Sending record with id = 2523
Sending record with id = 2524
Sending record with id = 2525
Sending record with id = 2526
Sending record with id = 2527
Sending record with id = 2528
Sending record with id = 2529
Sending record with id = 2530
Sending record with id = 2531
Sending record with id = 2532
Sending record with id = 2533
Sending record with id = 2534
Sending record with id = 2535
Sending record with id = 2536
Sending record with id = 2537
Sending record with id = 2538
Sending record with id = 2539
Sending record with id = 2540
Sending record with id = 2541
Sending record with id = 2542
Sending record with id = 2543
Sending record with id = 2544
Sending record with id = 2545
Sending record with id = 2546
Sending record with id = 2547
Sending record with id = 2548
Sending record with id = 2549
Sending record with id = 2550
Sending record with id = 2551
Sending record with id = 2552
Sending record with id = 2553
Sending record with id = 2554
Sending record with id = 2555
Sending record with id = 2556
Sending record with id = 2557
Sending record with id = 2558
Sending record with id = 2559
Sending record with id = 2560
Sending record with id = 2561
Sending record with id = 2562
Sending record with id = 2563
Sending record with id = 2564
Sending record with id = 2565
Sending record with id = 2566
Sending record with id = 2567
Sending record with id = 2568
Sending record with id = 2569
Sending record with id = 2570
Sending record with id = 2571
Sending record with id = 2572
Sending record with id = 2573
Sending record with id = 2574
Sending record with id = 2575
Sending record with id = 2576
Sending record with id = 2577
Sending record with id = 2578
Sending record with id = 2579
Sending record with id = 2580
Sending record with id = 2581
Sending record with id = 2582
Sending record with id = 2583
Sending record with id = 2584
Sending record with id = 2585
Sending record with id = 2586
Sending record with id = 2587
Sending record with id = 2588
Sending record with id = 2589
Sending record with id = 2590
Sending record with id = 2591
Sending record with id = 2592
Sending record with id = 2593
Sending record with id = 2594
Sending record with id = 2595
Sending record with id = 2596
Sending record with id = 2597
Sending record with id = 2598
Sending record with id = 2599
Sending record with id = 2600
Sending record with id = 2601
Sending record with id = 2602
Sending record with id = 2603
Sending record with id = 2604
Sending record with id = 2605
Sending record with id = 2606
Sending record with id = 2607
Sending record with id = 2608
Sending record with id = 2609
Sending record with id = 2610
Sending record with id = 2611
Sending record with id = 2612
Sending record with id = 2613
Sending record with id = 2614
Sending record with id = 2615
Sending record with id = 2616
Sending record with id = 2617
Sending record with id = 2618
Sending record with id = 2619
Sending record with id = 2620
Sending record with id = 2621
Sending record with id = 2622
Sending record with id = 2623
Sending record with id = 2624
Sending record with id = 2625
Sending record with id = 2626
Sending record with id = 2627
Sending record with id = 2628
Sending record with id = 2629
Sending record with id = 2630
Sending record with id = 2631
Sending record with id = 2632
Sending record with id = 2633
Sending record with id = 2634
Sending record with id = 2635
Sending record with id = 2636
Sending record with id = 2637
Sending record with id = 2638
Sending record with id = 2639
Sending record with id = 2640
Sending record with id = 2641
Sending record with id = 2642
Sending record with id = 2643
Sending record with id = 2644
Sending record with id = 2645
Sending record with id = 2646
Sending record with id = 2647
Sending record with id = 2648
Sending record with id = 2649
Sending record with id = 2650
Sending record with id = 2651
Sending record with id = 2652
Sending record with id = 2653
Sending record with id = 2654
Sending record with id = 2655
Sending record with id = 2656
Sending record with id = 2657
Sending record with id = 2658
Sending record with id = 2659
Sending record with id = 2660
Sending record with id = 2661
Sending record with id = 2662
Sending record with id = 2663
Sending record with id = 2664
Sending record with id = 2665
Sending record with id = 2666
Sending record with id = 2667
Sending record with id = 2668
Sending record with id = 2669
Sending record with id = 2670
Sending record with id = 2671
Sending record with id = 2672
Sending record with id = 2673
Sending record with id = 2674
Sending record with id = 2675
Sending record with id = 2676
Sending record with id = 2677
Sending record with id = 2678
Sending record with id = 2679
Sending record with id = 2680
Sending record with id = 2681
Sending record with id = 2682
Sending record with id = 2683
Sending record with id = 2684
Sending record with id = 2685
Sending record with id = 2686
Sending record with id = 2687
Sending record with id = 2688
Sending record with id = 2689
Sending record with id = 2690
Sending record with id = 2691
Sending record with id = 2692
Sending record with id = 2693
Sending record with id = 2694
Sending record with id = 2695
Sending record with id = 2696
Sending record with id = 2697
Sending record with id = 2698
Sending record with id = 2699
Sending record with id = 2700
Sending record with id = 2701
Sending record with id = 2702
Sending record with id = 2703
Sending record with id = 2704
Sending record with id = 2705
Sending record with id = 2706
Sending record with id = 2707
Sending record with id = 2708
Sending record with id = 2709
Sending record with id = 2710
Sending record with id = 2711
Sending record with id = 2712
Sending record with id = 2713
Sending record with id = 2714
Sending record with id = 2715
Sending record with id = 2716
Sending record with id = 2717
Sending record with id = 2718
Sending record with id = 2719
Sending record with id = 2720
Sending record with id = 2721
Sending record with id = 2722
Sending record with id = 2723
Sending record with id = 2724
Sending record with id = 2725
Sending record with id = 2726
Sending record with id = 2727
Sending record with id = 2728
Sending record with id = 2729
Sending record with id = 2730
Sending record with id = 2731
Sending record with id = 2732
Sending record with id = 2733
Sending record with id = 2734
Sending record with id = 2735
Sending record with id = 2736
Sending record with id = 2737
Sending record with id = 2738
Sending record with id = 2739
Sending record with id = 2740
Sending record with id = 2741
Sending record with id = 2742
Sending record with id = 2743
Sending record with id = 2744
Sending record with id = 2745
Sending record with id = 2746
Sending record with id = 2747
Sending record with id = 2748
Sending record with id = 2749
Sending record with id = 2750
Sending record with id = 2751
Sending record with id = 2752
Sending record with id = 2753
Sending record with id = 2754
Sending record with id = 2755
Sending record with id = 2756
Sending record with id = 2757
Sending record with id = 2758
Sending record with id = 2759
Sending record with id = 2760
Sending record with id = 2761
Sending record with id = 2762
Sending record with id = 2763
Sending record with id = 2764
Sending record with id = 2765
Sending record with id = 2766
Sending record with id = 2767
Sending record with id = 2768
Sending record with id = 2769
Sending record with id = 2770
Sending record with id = 2771
Sending record with id = 2772
Sending record with id = 2773
Sending record with id = 2774
Sending record with id = 2775
Sending record with id = 2776
Sending record with id = 2777
Sending record with id = 2778
Sending record with id = 2779
Sending record with id = 2780
Sending record with id = 2781
Sending record with id = 2782
Sending record with id = 2783
Sending record with id = 2784
Sending record with id = 2785
Sending record with id = 2786
Sending record with id = 2787
Sending record with id = 2788
Sending record with id = 2789
Sending record with id = 2790
Sending record with id = 2791
Sending record with id = 2792
Sending record with id = 2793
Sending record with id = 2794
Sending record with id = 2795
Sending record with id = 2796
Sending record with id = 2797
Sending record with id = 2798
Sending record with id = 2799
Sending record with id = 2800
Sending record with id = 2801
Sending record with id = 2802
Sending record with id = 2803
Sending record with id = 2804
Sending record with id = 2805
Sending record with id = 2806
Sending record with id = 2807
Sending record with id = 2808
Sending record with id = 2809
Sending record with id = 2810
Sending record with id = 2811
Sending record with id = 2812
Sending record with id = 2813
Sending record with id = 2814
Sending record with id = 2815
Sending record with id = 2816
Sending record with id = 2817
Sending record with id = 2818
Sending record with id = 2819
Sending record with id = 2820
Sending record with id = 2821
Sending record with id = 2822
Sending record with id = 2823
Sending record with id = 2824
Sending record with id = 2825
Sending record with id = 2826
Sending record with id = 2827
Sending record with id = 2828
Sending record with id = 2829
Sending record with id = 2830
Sending record with id = 2831
Sending record with id = 2832
Sending record with id = 2833
Sending record with id = 2834
Sending record with id = 2835
Sending record with id = 2836
Sending record with id = 2837
Sending record with id = 2838
Sending record with id = 2839
Sending record with id = 2840
Sending record with id = 2841
Sending record with id = 2842
Sending record with id = 2843
Sending record with id = 2844
Sending record with id = 2845
Sending record with id = 2846
Sending record with id = 2847
Sending record with id = 2848
Sending record with id = 2849
Sending record with id = 2850
Sending record with id = 2851
Sending record with id = 2852
Sending record with id = 2853
Sending record with id = 2854
Sending record with id = 2855
Sending record with id = 2856
Sending record with id = 2857
Sending record with id = 2858
Sending record with id = 2859
Sending record with id = 2860
Sending record with id = 2861
Sending record with id = 2862
Sending record with id = 2863
Sending record with id = 2864
Sending record with id = 2865
Sending record with id = 2866
Sending record with id = 2867
Sending record with id = 2868
Sending record with id = 2869
Sending record with id = 2870
Sending record with id = 2871
Sending record with id = 2872
Sending record with id = 2873
Sending record with id = 2874
Sending record with id = 2875
Sending record with id = 2876
Sending record with id = 2877
Sending record with id = 2878
Sending record with id = 2879
Sending record with id = 2880
Sending record with id = 2881
Sending record with id = 2882
Sending record with id = 2883
Sending record with id = 2884
Sending record with id = 2885
Sending record with id = 2886
Sending record with id = 2887
Sending record with id = 2888
Sending record with id = 2889
Sending record with id = 2890
Sending record with id = 2891
Sending record with id = 2892
Sending record with id = 2893
Sending record with id = 2894
Sending record with id = 2895
Sending record with id = 2896
Sending record with id = 2897
Sending record with id = 2898
Sending record with id = 2899
Sending record with id = 2900
Sending record with id = 2901
Sending record with id = 2902
Sending record with id = 2903
Sending record with id = 2904
Sending record with id = 2905
Sending record with id = 2906
Sending record with id = 2907
Sending record with id = 2908
Sending record with id = 2909
Sending record with id = 2910
Sending record with id = 2911
Sending record with id = 2912
Sending record with id = 2913
Sending record with id = 2914
Sending record with id = 2915
Sending record with id = 2916
Sending record with id = 2917
Sending record with id = 2918
Sending record with id = 2919
Sending record with id = 2920
Sending record with id = 2921
Sending record with id = 2922
Sending record with id = 2923
Sending record with id = 2924
Sending record with id = 2925
Sending record with id = 2926
Sending record with id = 2927
Sending record with id = 2928
Sending record with id = 2929
Sending record with id = 2930
Sending record with id = 2931
Sending record with id = 2932
Sending record with id = 2933
Sending record with id = 2934
Sending record with id = 2935
Sending record with id = 2936
Sending record with id = 2937
Sending record with id = 2938
Sending record with id = 2939
Sending record with id = 2940
Sending record with id = 2941
Sending record with id = 2942
Sending record with id = 2943
Sending record with id = 2944
Sending record with id = 2945
Sending record with id = 2946
Sending record with id = 2947
Sending record with id = 2948
Sending record with id = 2949
Sending record with id = 2950
Sending record with id = 2951
Sending record with id = 2952
Sending record with id = 2953
Sending record with id = 2954
Sending record with id = 2955
Sending record with id = 2956
Sending record with id = 2957
Sending record with id = 2958
Sending record with id = 2959
Sending record with id = 2960
Sending record with id = 2961
Sending record with id = 2962
Sending record with id = 2963
Sending record with id = 2964
Sending record with id = 2965
Sending record with id = 2966
Sending record with id = 2967
Sending record with id = 2968
Sending record with id = 2969
Sending record with id = 2970
Sending record with id = 2971
Sending record with id = 2972
Sending record with id = 2973
Sending record with id = 2974
Sending record with id = 2975
Sending record with id = 2976
Sending record with id = 2977
Sending record with id = 2978
Sending record with id = 2979
Sending record with id = 2980
Sending record with id = 2981
Sending record with id = 2982
Sending record with id = 2983
Sending record with id = 2984
Sending record with id = 2985
Sending record with id = 2986
Sending record with id = 2987
Sending record with id = 2988
Sending record with id = 2989
Sending record with id = 2990
Sending record with id = 2991
Sending record with id = 2992
Sending record with id = 2993
Sending record with id = 2994
Sending record with id = 2995
Sending record with id = 2996
Sending record with id = 2997
Sending record with id = 2998
Sending record with id = 2999
Sending record with id = 3000
Successfully processed /data/data2.csv
Processing /data/data3.csv...
Sending record with id = 3001
Sending record with id = 3002
Sending record with id = 3003
Sending record with id = 3004
Sending record with id = 3005
Sending record with id = 3006
Sending record with id = 3007
Sending record with id = 3008
Sending record with id = 3009
Sending record with id = 3010
Sending record with id = 3011
Sending record with id = 3012
Sending record with id = 3013
Sending record with id = 3014
Sending record with id = 3015
Sending record with id = 3016
Sending record with id = 3017
Sending record with id = 3018
Sending record with id = 3019
Sending record with id = 3020
Sending record with id = 3021
Sending record with id = 3022
Sending record with id = 3023
Sending record with id = 3024
Sending record with id = 3025
Sending record with id = 3026
Sending record with id = 3027
Sending record with id = 3028
Sending record with id = 3029
Sending record with id = 3030
Sending record with id = 3031
Sending record with id = 3032
Sending record with id = 3033
Sending record with id = 3034
Sending record with id = 3035
Sending record with id = 3036
Sending record with id = 3037
Sending record with id = 3038
Sending record with id = 3039
Sending record with id = 3040
Sending record with id = 3041
Sending record with id = 3042
Sending record with id = 3043
Sending record with id = 3044
Sending record with id = 3045
Sending record with id = 3046
Sending record with id = 3047
Sending record with id = 3048
Sending record with id = 3049
Sending record with id = 3050
Sending record with id = 3051
Sending record with id = 3052
Sending record with id = 3053
Sending record with id = 3054
Sending record with id = 3055
Sending record with id = 3056
Sending record with id = 3057
Sending record with id = 3058
Sending record with id = 3059
Sending record with id = 3060
Sending record with id = 3061
Sending record with id = 3062
Sending record with id = 3063
Sending record with id = 3064
Sending record with id = 3065
Sending record with id = 3066
Sending record with id = 3067
Sending record with id = 3068
Sending record with id = 3069
Sending record with id = 3070
Sending record with id = 3071
Sending record with id = 3072
Sending record with id = 3073
Sending record with id = 3074
Sending record with id = 3075
Sending record with id = 3076
Sending record with id = 3077
Sending record with id = 3078
Sending record with id = 3079
Sending record with id = 3080
Sending record with id = 3081
Sending record with id = 3082
Sending record with id = 3083
Sending record with id = 3084
Sending record with id = 3085
Sending record with id = 3086
Sending record with id = 3087
Sending record with id = 3088
Sending record with id = 3089
Sending record with id = 3090
Sending record with id = 3091
Sending record with id = 3092
Sending record with id = 3093
Sending record with id = 3094
Sending record with id = 3095
Sending record with id = 3096
Sending record with id = 3097
Sending record with id = 3098
Sending record with id = 3099
Sending record with id = 3100
Sending record with id = 3101
Sending record with id = 3102
Sending record with id = 3103
Sending record with id = 3104
Sending record with id = 3105
Sending record with id = 3106
Sending record with id = 3107
Sending record with id = 3108
Sending record with id = 3109
Sending record with id = 3110
Sending record with id = 3111
Sending record with id = 3112
Sending record with id = 3113
Sending record with id = 3114
Sending record with id = 3115
Sending record with id = 3116
Sending record with id = 3117
Sending record with id = 3118
Sending record with id = 3119
Sending record with id = 3120
Sending record with id = 3121
Sending record with id = 3122
Sending record with id = 3123
Sending record with id = 3124
Sending record with id = 3125
Sending record with id = 3126
Sending record with id = 3127
Sending record with id = 3128
Sending record with id = 3129
Sending record with id = 3130
Sending record with id = 3131
Sending record with id = 3132
Sending record with id = 3133
Sending record with id = 3134
Sending record with id = 3135
Sending record with id = 3136
Sending record with id = 3137
Sending record with id = 3138
Sending record with id = 3139
Sending record with id = 3140
Sending record with id = 3141
Sending record with id = 3142
Sending record with id = 3143
Sending record with id = 3144
Sending record with id = 3145
Sending record with id = 3146
Sending record with id = 3147
Sending record with id = 3148
Sending record with id = 3149
Sending record with id = 3150
Sending record with id = 3151
Sending record with id = 3152
Sending record with id = 3153
Sending record with id = 3154
Sending record with id = 3155
Sending record with id = 3156
Sending record with id = 3157
Sending record with id = 3158
Sending record with id = 3159
Sending record with id = 3160
Sending record with id = 3161
Sending record with id = 3162
Sending record with id = 3163
Sending record with id = 3164
Sending record with id = 3165
Sending record with id = 3166
Sending record with id = 3167
Sending record with id = 3168
Sending record with id = 3169
Sending record with id = 3170
Sending record with id = 3171
Sending record with id = 3172
Sending record with id = 3173
Sending record with id = 3174
Sending record with id = 3175
Sending record with id = 3176
Sending record with id = 3177
Sending record with id = 3178
Sending record with id = 3179
Sending record with id = 3180
Sending record with id = 3181
Sending record with id = 3182
Sending record with id = 3183
Sending record with id = 3184
Sending record with id = 3185
Sending record with id = 3186
Sending record with id = 3187
Sending record with id = 3188
Sending record with id = 3189
Sending record with id = 3190
Sending record with id = 3191
Sending record with id = 3192
Sending record with id = 3193
Sending record with id = 3194
Sending record with id = 3195
Sending record with id = 3196
Sending record with id = 3197
Sending record with id = 3198
Sending record with id = 3199
Sending record with id = 3200
Sending record with id = 3201
Sending record with id = 3202
Sending record with id = 3203
Sending record with id = 3204
Sending record with id = 3205
Sending record with id = 3206
Sending record with id = 3207
Sending record with id = 3208
Sending record with id = 3209
Sending record with id = 3210
Sending record with id = 3211
Sending record with id = 3212
Sending record with id = 3213
Sending record with id = 3214
Sending record with id = 3215
Sending record with id = 3216
Sending record with id = 3217
Sending record with id = 3218
Sending record with id = 3219
Sending record with id = 3220
Sending record with id = 3221
Sending record with id = 3222
Sending record with id = 3223
Sending record with id = 3224
Sending record with id = 3225
Sending record with id = 3226
Sending record with id = 3227
Sending record with id = 3228
Sending record with id = 3229
Sending record with id = 3230
Sending record with id = 3231
Sending record with id = 3232
Sending record with id = 3233
Sending record with id = 3234
Sending record with id = 3235
Sending record with id = 3236
Sending record with id = 3237
Sending record with id = 3238
Sending record with id = 3239
Sending record with id = 3240
Sending record with id = 3241
Sending record with id = 3242
Sending record with id = 3243
Sending record with id = 3244
Sending record with id = 3245
Sending record with id = 3246
Sending record with id = 3247
Sending record with id = 3248
Sending record with id = 3249
Sending record with id = 3250
Sending record with id = 3251
Sending record with id = 3252
Sending record with id = 3253
Sending record with id = 3254
Sending record with id = 3255
Sending record with id = 3256
Sending record with id = 3257
Sending record with id = 3258
Sending record with id = 3259
Sending record with id = 3260
Sending record with id = 3261
Sending record with id = 3262
Sending record with id = 3263
Sending record with id = 3264
Sending record with id = 3265
Sending record with id = 3266
Sending record with id = 3267
Sending record with id = 3268
Sending record with id = 3269
Sending record with id = 3270
Sending record with id = 3271
Sending record with id = 3272
Sending record with id = 3273
Sending record with id = 3274
Sending record with id = 3275
Sending record with id = 3276
Sending record with id = 3277
Sending record with id = 3278
Sending record with id = 3279
Sending record with id = 3280
Sending record with id = 3281
Sending record with id = 3282
Sending record with id = 3283
Sending record with id = 3284
Sending record with id = 3285
Sending record with id = 3286
Sending record with id = 3287
Sending record with id = 3288
Sending record with id = 3289
Sending record with id = 3290
Sending record with id = 3291
Sending record with id = 3292
Sending record with id = 3293
Sending record with id = 3294
Sending record with id = 3295
Sending record with id = 3296
Sending record with id = 3297
Sending record with id = 3298
Sending record with id = 3299
Sending record with id = 3300
Sending record with id = 3301
Sending record with id = 3302
Sending record with id = 3303
Sending record with id = 3304
Sending record with id = 3305
Sending record with id = 3306
Sending record with id = 3307
Sending record with id = 3308
Sending record with id = 3309
Sending record with id = 3310
Sending record with id = 3311
Sending record with id = 3312
Sending record with id = 3313
Sending record with id = 3314
Sending record with id = 3315
Sending record with id = 3316
Sending record with id = 3317
Sending record with id = 3318
Sending record with id = 3319
Sending record with id = 3320
Sending record with id = 3321
Sending record with id = 3322
Sending record with id = 3323
Sending record with id = 3324
Sending record with id = 3325
Sending record with id = 3326
Sending record with id = 3327
Sending record with id = 3328
Sending record with id = 3329
Sending record with id = 3330
Sending record with id = 3331
Sending record with id = 3332
Sending record with id = 3333
Sending record with id = 3334
Sending record with id = 3335
Sending record with id = 3336
Sending record with id = 3337
Sending record with id = 3338
Sending record with id = 3339
Sending record with id = 3340
Sending record with id = 3341
Sending record with id = 3342
Sending record with id = 3343
Sending record with id = 3344
Sending record with id = 3345
Sending record with id = 3346
Sending record with id = 3347
Sending record with id = 3348
Sending record with id = 3349
Sending record with id = 3350
Sending record with id = 3351
Sending record with id = 3352
Sending record with id = 3353
Sending record with id = 3354
Sending record with id = 3355
Sending record with id = 3356
Sending record with id = 3357
Sending record with id = 3358
Sending record with id = 3359
Sending record with id = 3360
Sending record with id = 3361
Sending record with id = 3362
Sending record with id = 3363
Sending record with id = 3364
Sending record with id = 3365
Sending record with id = 3366
Sending record with id = 3367
Sending record with id = 3368
Sending record with id = 3369
Sending record with id = 3370
Sending record with id = 3371
Sending record with id = 3372
Sending record with id = 3373
Sending record with id = 3374
Sending record with id = 3375
Sending record with id = 3376
Sending record with id = 3377
Sending record with id = 3378
Sending record with id = 3379
Sending record with id = 3380
Sending record with id = 3381
Sending record with id = 3382
Sending record with id = 3383
Sending record with id = 3384
Sending record with id = 3385
Sending record with id = 3386
Sending record with id = 3387
Sending record with id = 3388
Sending record with id = 3389
Sending record with id = 3390
Sending record with id = 3391
Sending record with id = 3392
Sending record with id = 3393
Sending record with id = 3394
Sending record with id = 3395
Sending record with id = 3396
Sending record with id = 3397
Sending record with id = 3398
Sending record with id = 3399
Sending record with id = 3400
Sending record with id = 3401
Sending record with id = 3402
Sending record with id = 3403
Sending record with id = 3404
Sending record with id = 3405
Sending record with id = 3406
Sending record with id = 3407
Sending record with id = 3408
Sending record with id = 3409
Sending record with id = 3410
Sending record with id = 3411
Sending record with id = 3412
Sending record with id = 3413
Sending record with id = 3414
Sending record with id = 3415
Sending record with id = 3416
Sending record with id = 3417
Sending record with id = 3418
Sending record with id = 3419
Sending record with id = 3420
Sending record with id = 3421
Sending record with id = 3422
Sending record with id = 3423
Sending record with id = 3424
Sending record with id = 3425
Sending record with id = 3426
Sending record with id = 3427
Sending record with id = 3428
Sending record with id = 3429
Sending record with id = 3430
Sending record with id = 3431
Sending record with id = 3432
Sending record with id = 3433
Sending record with id = 3434
Sending record with id = 3435
Sending record with id = 3436
Sending record with id = 3437
Sending record with id = 3438
Sending record with id = 3439
Sending record with id = 3440
Sending record with id = 3441
Sending record with id = 3442
Sending record with id = 3443
Sending record with id = 3444
Sending record with id = 3445
Sending record with id = 3446
Sending record with id = 3447
Sending record with id = 3448
Sending record with id = 3449
Sending record with id = 3450
Sending record with id = 3451
Sending record with id = 3452
Sending record with id = 3453
Sending record with id = 3454
Sending record with id = 3455
Sending record with id = 3456
Sending record with id = 3457
Sending record with id = 3458
Sending record with id = 3459
Sending record with id = 3460
Sending record with id = 3461
Sending record with id = 3462
Sending record with id = 3463
Sending record with id = 3464
Sending record with id = 3465
Sending record with id = 3466
Sending record with id = 3467
Sending record with id = 3468
Sending record with id = 3469
Sending record with id = 3470
Sending record with id = 3471
Sending record with id = 3472
Sending record with id = 3473
Sending record with id = 3474
Sending record with id = 3475
Sending record with id = 3476
Sending record with id = 3477
Sending record with id = 3478
Sending record with id = 3479
Sending record with id = 3480
Sending record with id = 3481
Sending record with id = 3482
Sending record with id = 3483
Sending record with id = 3484
Sending record with id = 3485
Sending record with id = 3486
Sending record with id = 3487
Sending record with id = 3488
Sending record with id = 3489
Sending record with id = 3490
Sending record with id = 3491
Sending record with id = 3492
Sending record with id = 3493
Sending record with id = 3494
Sending record with id = 3495
Sending record with id = 3496
Sending record with id = 3497
Sending record with id = 3498
Sending record with id = 3499
Sending record with id = 3500
Sending record with id = 3501
Sending record with id = 3502
Sending record with id = 3503
Sending record with id = 3504
Sending record with id = 3505
Sending record with id = 3506
Sending record with id = 3507
Sending record with id = 3508
Sending record with id = 3509
Sending record with id = 3510
Sending record with id = 3511
Sending record with id = 3512
Sending record with id = 3513
Sending record with id = 3514
Sending record with id = 3515
Sending record with id = 3516
Sending record with id = 3517
Sending record with id = 3518
Sending record with id = 3519
Sending record with id = 3520
Sending record with id = 3521
Sending record with id = 3522
Sending record with id = 3523
Sending record with id = 3524
Sending record with id = 3525
Sending record with id = 3526
Sending record with id = 3527
Sending record with id = 3528
Sending record with id = 3529
Sending record with id = 3530
Sending record with id = 3531
Sending record with id = 3532
Sending record with id = 3533
Sending record with id = 3534
Sending record with id = 3535
Sending record with id = 3536
Sending record with id = 3537
Sending record with id = 3538
Sending record with id = 3539
Sending record with id = 3540
Sending record with id = 3541
Sending record with id = 3542
Sending record with id = 3543
Sending record with id = 3544
Sending record with id = 3545
Sending record with id = 3546
Sending record with id = 3547
Sending record with id = 3548
Sending record with id = 3549
Sending record with id = 3550
Sending record with id = 3551
Sending record with id = 3552
Sending record with id = 3553
Sending record with id = 3554
Sending record with id = 3555
Sending record with id = 3556
Sending record with id = 3557
Sending record with id = 3558
Sending record with id = 3559
Sending record with id = 3560
Sending record with id = 3561
Sending record with id = 3562
Sending record with id = 3563
Sending record with id = 3564
Sending record with id = 3565
Sending record with id = 3566
Sending record with id = 3567
Sending record with id = 3568
Sending record with id = 3569
Sending record with id = 3570
Sending record with id = 3571
Sending record with id = 3572
Sending record with id = 3573
Sending record with id = 3574
Sending record with id = 3575
Sending record with id = 3576
Sending record with id = 3577
Sending record with id = 3578
Sending record with id = 3579
Sending record with id = 3580
Sending record with id = 3581
Sending record with id = 3582
Sending record with id = 3583
Sending record with id = 3584
Sending record with id = 3585
Sending record with id = 3586
Sending record with id = 3587
Sending record with id = 3588
Sending record with id = 3589
Sending record with id = 3590
Sending record with id = 3591
Sending record with id = 3592
Sending record with id = 3593
Sending record with id = 3594
Sending record with id = 3595
Sending record with id = 3596
Sending record with id = 3597
Sending record with id = 3598
Sending record with id = 3599
Sending record with id = 3600
Sending record with id = 3601
Sending record with id = 3602
Sending record with id = 3603
Sending record with id = 3604
Sending record with id = 3605
Sending record with id = 3606
Sending record with id = 3607
Sending record with id = 3608
Sending record with id = 3609
Sending record with id = 3610
Sending record with id = 3611
Sending record with id = 3612
Sending record with id = 3613
Sending record with id = 3614
Sending record with id = 3615
Sending record with id = 3616
Sending record with id = 3617
Sending record with id = 3618
Sending record with id = 3619
Sending record with id = 3620
Sending record with id = 3621
Sending record with id = 3622
Sending record with id = 3623
Sending record with id = 3624
Sending record with id = 3625
Sending record with id = 3626
Sending record with id = 3627
Sending record with id = 3628
Sending record with id = 3629
Sending record with id = 3630
Sending record with id = 3631
Sending record with id = 3632
Sending record with id = 3633
Sending record with id = 3634
Sending record with id = 3635
Sending record with id = 3636
Sending record with id = 3637
Sending record with id = 3638
Sending record with id = 3639
Sending record with id = 3640
Sending record with id = 3641
Sending record with id = 3642
Sending record with id = 3643
Sending record with id = 3644
Sending record with id = 3645
Sending record with id = 3646
Sending record with id = 3647
Sending record with id = 3648
Sending record with id = 3649
Sending record with id = 3650
Sending record with id = 3651
Sending record with id = 3652
Sending record with id = 3653
Sending record with id = 3654
Sending record with id = 3655
Sending record with id = 3656
Sending record with id = 3657
Sending record with id = 3658
Sending record with id = 3659
Sending record with id = 3660
Sending record with id = 3661
Sending record with id = 3662
Sending record with id = 3663
Sending record with id = 3664
Sending record with id = 3665
Sending record with id = 3666
Sending record with id = 3667
Sending record with id = 3668
Sending record with id = 3669
Sending record with id = 3670
Sending record with id = 3671
Sending record with id = 3672
Sending record with id = 3673
Sending record with id = 3674
Sending record with id = 3675
Sending record with id = 3676
Sending record with id = 3677
Sending record with id = 3678
Sending record with id = 3679
Sending record with id = 3680
Sending record with id = 3681
Sending record with id = 3682
Sending record with id = 3683
Sending record with id = 3684
Sending record with id = 3685
Sending record with id = 3686
Sending record with id = 3687
Sending record with id = 3688
Sending record with id = 3689
Sending record with id = 3690
Sending record with id = 3691
Sending record with id = 3692
Sending record with id = 3693
Sending record with id = 3694
Sending record with id = 3695
Sending record with id = 3696
Sending record with id = 3697
Sending record with id = 3698
Sending record with id = 3699
Sending record with id = 3700
Sending record with id = 3701
Sending record with id = 3702
Sending record with id = 3703
Sending record with id = 3704
Sending record with id = 3705
Sending record with id = 3706
Sending record with id = 3707
Sending record with id = 3708
Sending record with id = 3709
Sending record with id = 3710
Sending record with id = 3711
Sending record with id = 3712
Sending record with id = 3713
Sending record with id = 3714
Sending record with id = 3715
Sending record with id = 3716
Sending record with id = 3717
Sending record with id = 3718
Sending record with id = 3719
Sending record with id = 3720
Sending record with id = 3721
Sending record with id = 3722
Sending record with id = 3723
Sending record with id = 3724
Sending record with id = 3725
Sending record with id = 3726
Sending record with id = 3727
Sending record with id = 3728
Sending record with id = 3729
Sending record with id = 3730
Sending record with id = 3731
Sending record with id = 3732
Sending record with id = 3733
Sending record with id = 3734
Sending record with id = 3735
Sending record with id = 3736
Sending record with id = 3737
Sending record with id = 3738
Sending record with id = 3739
Sending record with id = 3740
Sending record with id = 3741
Sending record with id = 3742
Sending record with id = 3743
Sending record with id = 3744
Sending record with id = 3745
Sending record with id = 3746
Sending record with id = 3747
Sending record with id = 3748
Sending record with id = 3749
Sending record with id = 3750
Sending record with id = 3751
Sending record with id = 3752
Sending record with id = 3753
Sending record with id = 3754
Sending record with id = 3755
Sending record with id = 3756
Sending record with id = 3757
Sending record with id = 3758
Sending record with id = 3759
Sending record with id = 3760
Sending record with id = 3761
Sending record with id = 3762
Sending record with id = 3763
Sending record with id = 3764
Sending record with id = 3765
Sending record with id = 3766
Sending record with id = 3767
Sending record with id = 3768
Sending record with id = 3769
Sending record with id = 3770
Sending record with id = 3771
Sending record with id = 3772
Sending record with id = 3773
Sending record with id = 3774
Sending record with id = 3775
Sending record with id = 3776
Sending record with id = 3777
Sending record with id = 3778
Sending record with id = 3779
Sending record with id = 3780
Sending record with id = 3781
Sending record with id = 3782
Sending record with id = 3783
Sending record with id = 3784
Sending record with id = 3785
Sending record with id = 3786
Sending record with id = 3787
Sending record with id = 3788
Sending record with id = 3789
Sending record with id = 3790
Sending record with id = 3791
Sending record with id = 3792
Sending record with id = 3793
Sending record with id = 3794
Sending record with id = 3795
Sending record with id = 3796
Sending record with id = 3797
Sending record with id = 3798
Sending record with id = 3799
Sending record with id = 3800
Sending record with id = 3801
Sending record with id = 3802
Sending record with id = 3803
Sending record with id = 3804
Sending record with id = 3805
Sending record with id = 3806
Sending record with id = 3807
Sending record with id = 3808
Sending record with id = 3809
Sending record with id = 3810
Sending record with id = 3811
Sending record with id = 3812
Sending record with id = 3813
Sending record with id = 3814
Sending record with id = 3815
Sending record with id = 3816
Sending record with id = 3817
Sending record with id = 3818
Sending record with id = 3819
Sending record with id = 3820
Sending record with id = 3821
Sending record with id = 3822
Sending record with id = 3823
Sending record with id = 3824
Sending record with id = 3825
Sending record with id = 3826
Sending record with id = 3827
Sending record with id = 3828
Sending record with id = 3829
Sending record with id = 3830
Sending record with id = 3831
Sending record with id = 3832
Sending record with id = 3833
Sending record with id = 3834
Sending record with id = 3835
Sending record with id = 3836
Sending record with id = 3837
Sending record with id = 3838
Sending record with id = 3839
Sending record with id = 3840
Sending record with id = 3841
Sending record with id = 3842
Sending record with id = 3843
Sending record with id = 3844
Sending record with id = 3845
Sending record with id = 3846
Sending record with id = 3847
Sending record with id = 3848
Sending record with id = 3849
Sending record with id = 3850
Sending record with id = 3851
Sending record with id = 3852
Sending record with id = 3853
Sending record with id = 3854
Sending record with id = 3855
Sending record with id = 3856
Sending record with id = 3857
Sending record with id = 3858
Sending record with id = 3859
Sending record with id = 3860
Sending record with id = 3861
Sending record with id = 3862
Sending record with id = 3863
Sending record with id = 3864
Sending record with id = 3865
Sending record with id = 3866
Sending record with id = 3867
Sending record with id = 3868
Sending record with id = 3869
Sending record with id = 3870
Sending record with id = 3871
Sending record with id = 3872
Sending record with id = 3873
Sending record with id = 3874
Sending record with id = 3875
Sending record with id = 3876
Sending record with id = 3877
Sending record with id = 3878
Sending record with id = 3879
Sending record with id = 3880
Sending record with id = 3881
Sending record with id = 3882
Sending record with id = 3883
Sending record with id = 3884
Sending record with id = 3885
Sending record with id = 3886
Sending record with id = 3887
Sending record with id = 3888
Sending record with id = 3889
Sending record with id = 3890
Sending record with id = 3891
Sending record with id = 3892
Sending record with id = 3893
Sending record with id = 3894
Sending record with id = 3895
Sending record with id = 3896
Sending record with id = 3897
Sending record with id = 3898
Sending record with id = 3899
Sending record with id = 3900
Sending record with id = 3901
Sending record with id = 3902
Sending record with id = 3903
Sending record with id = 3904
Sending record with id = 3905
Sending record with id = 3906
Sending record with id = 3907
Sending record with id = 3908
Sending record with id = 3909
Sending record with id = 3910
Sending record with id = 3911
Sending record with id = 3912
Sending record with id = 3913
Sending record with id = 3914
Sending record with id = 3915
Sending record with id = 3916
Sending record with id = 3917
Sending record with id = 3918
Sending record with id = 3919
Sending record with id = 3920
Sending record with id = 3921
Sending record with id = 3922
Sending record with id = 3923
Sending record with id = 3924
Sending record with id = 3925
Sending record with id = 3926
Sending record with id = 3927
Sending record with id = 3928
Sending record with id = 3929
Sending record with id = 3930
Sending record with id = 3931
Sending record with id = 3932
Sending record with id = 3933
Sending record with id = 3934
Sending record with id = 3935
Sending record with id = 3936
Sending record with id = 3937
Sending record with id = 3938
Sending record with id = 3939
Sending record with id = 3940
Sending record with id = 3941
Sending record with id = 3942
Sending record with id = 3943
Sending record with id = 3944
Sending record with id = 3945
Sending record with id = 3946
Sending record with id = 3947
Sending record with id = 3948
Sending record with id = 3949
Sending record with id = 3950
Sending record with id = 3951
Sending record with id = 3952
Sending record with id = 3953
Sending record with id = 3954
Sending record with id = 3955
Sending record with id = 3956
Sending record with id = 3957
Sending record with id = 3958
Sending record with id = 3959
Sending record with id = 3960
Sending record with id = 3961
Sending record with id = 3962
Sending record with id = 3963
Sending record with id = 3964
Sending record with id = 3965
Sending record with id = 3966
Sending record with id = 3967
Sending record with id = 3968
Sending record with id = 3969
Sending record with id = 3970
Sending record with id = 3971
Sending record with id = 3972
Sending record with id = 3973
Sending record with id = 3974
Sending record with id = 3975
Sending record with id = 3976
Sending record with id = 3977
Sending record with id = 3978
Sending record with id = 3979
Sending record with id = 3980
Sending record with id = 3981
Sending record with id = 3982
Sending record with id = 3983
Sending record with id = 3984
Sending record with id = 3985
Sending record with id = 3986
Sending record with id = 3987
Sending record with id = 3988
Sending record with id = 3989
Sending record with id = 3990
Sending record with id = 3991
Sending record with id = 3992
Sending record with id = 3993
Sending record with id = 3994
Sending record with id = 3995
Sending record with id = 3996
Sending record with id = 3997
Sending record with id = 3998
Sending record with id = 3999
Sending record with id = 4000
Successfully processed /data/data3.csv
Processing /data/data4.csv...
Sending record with id = 4001
Sending record with id = 4002
Sending record with id = 4003
Sending record with id = 4004
Sending record with id = 4005
Sending record with id = 4006
Sending record with id = 4007
Sending record with id = 4008
Sending record with id = 4009
Sending record with id = 4010
Sending record with id = 4011
Sending record with id = 4012
Sending record with id = 4013
Sending record with id = 4014
Sending record with id = 4015
Sending record with id = 4016
Sending record with id = 4017
Sending record with id = 4018
Sending record with id = 4019
Sending record with id = 4020
Sending record with id = 4021
Sending record with id = 4022
Sending record with id = 4023
Sending record with id = 4024
Sending record with id = 4025
Sending record with id = 4026
Sending record with id = 4027
Sending record with id = 4028
Sending record with id = 4029
Sending record with id = 4030
Sending record with id = 4031
Sending record with id = 4032
Sending record with id = 4033
Sending record with id = 4034
Sending record with id = 4035
Sending record with id = 4036
Sending record with id = 4037
Sending record with id = 4038
Sending record with id = 4039
Sending record with id = 4040
Sending record with id = 4041
Sending record with id = 4042
Sending record with id = 4043
Sending record with id = 4044
Sending record with id = 4045
Sending record with id = 4046
Sending record with id = 4047
Sending record with id = 4048
Sending record with id = 4049
Sending record with id = 4050
Sending record with id = 4051
Sending record with id = 4052
Sending record with id = 4053
Sending record with id = 4054
Sending record with id = 4055
Sending record with id = 4056
Sending record with id = 4057
Sending record with id = 4058
Sending record with id = 4059
Sending record with id = 4060
Sending record with id = 4061
Sending record with id = 4062
Sending record with id = 4063
Sending record with id = 4064
Sending record with id = 4065
Sending record with id = 4066
Sending record with id = 4067
Sending record with id = 4068
Sending record with id = 4069
Sending record with id = 4070
Sending record with id = 4071
Sending record with id = 4072
Sending record with id = 4073
Sending record with id = 4074
Sending record with id = 4075
Sending record with id = 4076
Sending record with id = 4077
Sending record with id = 4078
Sending record with id = 4079
Sending record with id = 4080
Sending record with id = 4081
Sending record with id = 4082
Sending record with id = 4083
Sending record with id = 4084
Sending record with id = 4085
Sending record with id = 4086
Sending record with id = 4087
Sending record with id = 4088
Sending record with id = 4089
Sending record with id = 4090
Sending record with id = 4091
Sending record with id = 4092
Sending record with id = 4093
Sending record with id = 4094
Sending record with id = 4095
Sending record with id = 4096
Sending record with id = 4097
Sending record with id = 4098
Sending record with id = 4099
Sending record with id = 4100
Sending record with id = 4101
Sending record with id = 4102
Sending record with id = 4103
Sending record with id = 4104
Sending record with id = 4105
Sending record with id = 4106
Sending record with id = 4107
Sending record with id = 4108
Sending record with id = 4109
Sending record with id = 4110
Sending record with id = 4111
Sending record with id = 4112
Sending record with id = 4113
Sending record with id = 4114
Sending record with id = 4115
Sending record with id = 4116
Sending record with id = 4117
Sending record with id = 4118
Sending record with id = 4119
Sending record with id = 4120
Sending record with id = 4121
Sending record with id = 4122
Sending record with id = 4123
Sending record with id = 4124
Sending record with id = 4125
Sending record with id = 4126
Sending record with id = 4127
Sending record with id = 4128
Sending record with id = 4129
Sending record with id = 4130
Sending record with id = 4131
Sending record with id = 4132
Sending record with id = 4133
Sending record with id = 4134
Sending record with id = 4135
Sending record with id = 4136
Sending record with id = 4137
Sending record with id = 4138
Sending record with id = 4139
Sending record with id = 4140
Sending record with id = 4141
Sending record with id = 4142
Sending record with id = 4143
Sending record with id = 4144
Sending record with id = 4145
Sending record with id = 4146
Sending record with id = 4147
Sending record with id = 4148
Sending record with id = 4149
Sending record with id = 4150
Sending record with id = 4151
Sending record with id = 4152
Sending record with id = 4153
Sending record with id = 4154
Sending record with id = 4155
Sending record with id = 4156
Sending record with id = 4157
Sending record with id = 4158
Sending record with id = 4159
Sending record with id = 4160
Sending record with id = 4161
Sending record with id = 4162
Sending record with id = 4163
Sending record with id = 4164
Sending record with id = 4165
Sending record with id = 4166
Sending record with id = 4167
Sending record with id = 4168
Sending record with id = 4169
Sending record with id = 4170
Sending record with id = 4171
Sending record with id = 4172
Sending record with id = 4173
Sending record with id = 4174
Sending record with id = 4175
Sending record with id = 4176
Sending record with id = 4177
Sending record with id = 4178
Sending record with id = 4179
Sending record with id = 4180
Sending record with id = 4181
Sending record with id = 4182
Sending record with id = 4183
Sending record with id = 4184
Sending record with id = 4185
Sending record with id = 4186
Sending record with id = 4187
Sending record with id = 4188
Sending record with id = 4189
Sending record with id = 4190
Sending record with id = 4191
Sending record with id = 4192
Sending record with id = 4193
Sending record with id = 4194
Sending record with id = 4195
Sending record with id = 4196
Sending record with id = 4197
Sending record with id = 4198
Sending record with id = 4199
Sending record with id = 4200
Sending record with id = 4201
Sending record with id = 4202
Sending record with id = 4203
Sending record with id = 4204
Sending record with id = 4205
Sending record with id = 4206
Sending record with id = 4207
Sending record with id = 4208
Sending record with id = 4209
Sending record with id = 4210
Sending record with id = 4211
Sending record with id = 4212
Sending record with id = 4213
Sending record with id = 4214
Sending record with id = 4215
Sending record with id = 4216
Sending record with id = 4217
Sending record with id = 4218
Sending record with id = 4219
Sending record with id = 4220
Sending record with id = 4221
Sending record with id = 4222
Sending record with id = 4223
Sending record with id = 4224
Sending record with id = 4225
Sending record with id = 4226
Sending record with id = 4227
Sending record with id = 4228
Sending record with id = 4229
Sending record with id = 4230
Sending record with id = 4231
Sending record with id = 4232
Sending record with id = 4233
Sending record with id = 4234
Sending record with id = 4235
Sending record with id = 4236
Sending record with id = 4237
Sending record with id = 4238
Sending record with id = 4239
Sending record with id = 4240
Sending record with id = 4241
Sending record with id = 4242
Sending record with id = 4243
Sending record with id = 4244
Sending record with id = 4245
Sending record with id = 4246
Sending record with id = 4247
Sending record with id = 4248
Sending record with id = 4249
Sending record with id = 4250
Sending record with id = 4251
Sending record with id = 4252
Sending record with id = 4253
Sending record with id = 4254
Sending record with id = 4255
Sending record with id = 4256
Sending record with id = 4257
Sending record with id = 4258
Sending record with id = 4259
Sending record with id = 4260
Sending record with id = 4261
Sending record with id = 4262
Sending record with id = 4263
Sending record with id = 4264
Sending record with id = 4265
Sending record with id = 4266
Sending record with id = 4267
Sending record with id = 4268
Sending record with id = 4269
Sending record with id = 4270
Sending record with id = 4271
Sending record with id = 4272
Sending record with id = 4273
Sending record with id = 4274
Sending record with id = 4275
Sending record with id = 4276
Sending record with id = 4277
Sending record with id = 4278
Sending record with id = 4279
Sending record with id = 4280
Sending record with id = 4281
Sending record with id = 4282
Sending record with id = 4283
Sending record with id = 4284
Sending record with id = 4285
Sending record with id = 4286
Sending record with id = 4287
Sending record with id = 4288
Sending record with id = 4289
Sending record with id = 4290
Sending record with id = 4291
Sending record with id = 4292
Sending record with id = 4293
Sending record with id = 4294
Sending record with id = 4295
Sending record with id = 4296
Sending record with id = 4297
Sending record with id = 4298
Sending record with id = 4299
Sending record with id = 4300
Sending record with id = 4301
Sending record with id = 4302
Sending record with id = 4303
Sending record with id = 4304
Sending record with id = 4305
Sending record with id = 4306
Sending record with id = 4307
Sending record with id = 4308
Sending record with id = 4309
Sending record with id = 4310
Sending record with id = 4311
Sending record with id = 4312
Sending record with id = 4313
Sending record with id = 4314
Sending record with id = 4315
Sending record with id = 4316
Sending record with id = 4317
Sending record with id = 4318
Sending record with id = 4319
Sending record with id = 4320
Sending record with id = 4321
Sending record with id = 4322
Sending record with id = 4323
Sending record with id = 4324
Sending record with id = 4325
Sending record with id = 4326
Sending record with id = 4327
Sending record with id = 4328
Sending record with id = 4329
Sending record with id = 4330
Sending record with id = 4331
Sending record with id = 4332
Sending record with id = 4333
Sending record with id = 4334
Sending record with id = 4335
Sending record with id = 4336
Sending record with id = 4337
Sending record with id = 4338
Sending record with id = 4339
Sending record with id = 4340
Sending record with id = 4341
Sending record with id = 4342
Sending record with id = 4343
Sending record with id = 4344
Sending record with id = 4345
Sending record with id = 4346
Sending record with id = 4347
Sending record with id = 4348
Sending record with id = 4349
Sending record with id = 4350
Sending record with id = 4351
Sending record with id = 4352
Sending record with id = 4353
Sending record with id = 4354
Sending record with id = 4355
Sending record with id = 4356
Sending record with id = 4357
Sending record with id = 4358
Sending record with id = 4359
Sending record with id = 4360
Sending record with id = 4361
Sending record with id = 4362
Sending record with id = 4363
Sending record with id = 4364
Sending record with id = 4365
Sending record with id = 4366
Sending record with id = 4367
Sending record with id = 4368
Sending record with id = 4369
Sending record with id = 4370
Sending record with id = 4371
Sending record with id = 4372
Sending record with id = 4373
Sending record with id = 4374
Sending record with id = 4375
Sending record with id = 4376
Sending record with id = 4377
Sending record with id = 4378
Sending record with id = 4379
Sending record with id = 4380
Sending record with id = 4381
Sending record with id = 4382
Sending record with id = 4383
Sending record with id = 4384
Sending record with id = 4385
Sending record with id = 4386
Sending record with id = 4387
Sending record with id = 4388
Sending record with id = 4389
Sending record with id = 4390
Sending record with id = 4391
Sending record with id = 4392
Sending record with id = 4393
Sending record with id = 4394
Sending record with id = 4395
Sending record with id = 4396
Sending record with id = 4397
Sending record with id = 4398
Sending record with id = 4399
Sending record with id = 4400
Sending record with id = 4401
Sending record with id = 4402
Sending record with id = 4403
Sending record with id = 4404
Sending record with id = 4405
Sending record with id = 4406
Sending record with id = 4407
Sending record with id = 4408
Sending record with id = 4409
Sending record with id = 4410
Sending record with id = 4411
Sending record with id = 4412
Sending record with id = 4413
Sending record with id = 4414
Sending record with id = 4415
Sending record with id = 4416
Sending record with id = 4417
Sending record with id = 4418
Sending record with id = 4419
Sending record with id = 4420
Sending record with id = 4421
Sending record with id = 4422
Sending record with id = 4423
Sending record with id = 4424
Sending record with id = 4425
Sending record with id = 4426
Sending record with id = 4427
Sending record with id = 4428
Sending record with id = 4429
Sending record with id = 4430
Sending record with id = 4431
Sending record with id = 4432
Sending record with id = 4433
Sending record with id = 4434
Sending record with id = 4435
Sending record with id = 4436
Sending record with id = 4437
Sending record with id = 4438
Sending record with id = 4439
Sending record with id = 4440
Sending record with id = 4441
Sending record with id = 4442
Sending record with id = 4443
Sending record with id = 4444
Sending record with id = 4445
Sending record with id = 4446
Sending record with id = 4447
Sending record with id = 4448
Sending record with id = 4449
Sending record with id = 4450
Sending record with id = 4451
Sending record with id = 4452
Sending record with id = 4453
Sending record with id = 4454
Sending record with id = 4455
Sending record with id = 4456
Sending record with id = 4457
Sending record with id = 4458
Sending record with id = 4459
Sending record with id = 4460
Sending record with id = 4461
Sending record with id = 4462
Sending record with id = 4463
Sending record with id = 4464
Sending record with id = 4465
Sending record with id = 4466
Sending record with id = 4467
Sending record with id = 4468
Sending record with id = 4469
Sending record with id = 4470
Sending record with id = 4471
Sending record with id = 4472
Sending record with id = 4473
Sending record with id = 4474
Sending record with id = 4475
Sending record with id = 4476
Sending record with id = 4477
Sending record with id = 4478
Sending record with id = 4479
Sending record with id = 4480
Sending record with id = 4481
Sending record with id = 4482
Sending record with id = 4483
Sending record with id = 4484
Sending record with id = 4485
Sending record with id = 4486
Sending record with id = 4487
Sending record with id = 4488
Sending record with id = 4489
Sending record with id = 4490
Sending record with id = 4491
Sending record with id = 4492
Sending record with id = 4493
Sending record with id = 4494
Sending record with id = 4495
Sending record with id = 4496
Sending record with id = 4497
Sending record with id = 4498
Sending record with id = 4499
Sending record with id = 4500
Sending record with id = 4501
Sending record with id = 4502
Sending record with id = 4503
Sending record with id = 4504
Sending record with id = 4505
Sending record with id = 4506
Sending record with id = 4507
Sending record with id = 4508
Sending record with id = 4509
Sending record with id = 4510
Sending record with id = 4511
Sending record with id = 4512
Sending record with id = 4513
Sending record with id = 4514
Sending record with id = 4515
Sending record with id = 4516
Sending record with id = 4517
Sending record with id = 4518
Sending record with id = 4519
Sending record with id = 4520
Sending record with id = 4521
Sending record with id = 4522
Sending record with id = 4523
Sending record with id = 4524
Sending record with id = 4525
Sending record with id = 4526
Sending record with id = 4527
Sending record with id = 4528
Sending record with id = 4529
Sending record with id = 4530
Sending record with id = 4531
Sending record with id = 4532
Sending record with id = 4533
Sending record with id = 4534
Sending record with id = 4535
Sending record with id = 4536
Sending record with id = 4537
Sending record with id = 4538
Sending record with id = 4539
Sending record with id = 4540
Sending record with id = 4541
Sending record with id = 4542
Sending record with id = 4543
Sending record with id = 4544
Sending record with id = 4545
Sending record with id = 4546
Sending record with id = 4547
Sending record with id = 4548
Sending record with id = 4549
Sending record with id = 4550
Sending record with id = 4551
Sending record with id = 4552
Sending record with id = 4553
Sending record with id = 4554
Sending record with id = 4555
Sending record with id = 4556
Sending record with id = 4557
Sending record with id = 4558
Sending record with id = 4559
Sending record with id = 4560
Sending record with id = 4561
Sending record with id = 4562
Sending record with id = 4563
Sending record with id = 4564
Sending record with id = 4565
Sending record with id = 4566
Sending record with id = 4567
Sending record with id = 4568
Sending record with id = 4569
Sending record with id = 4570
Sending record with id = 4571
Sending record with id = 4572
Sending record with id = 4573
Sending record with id = 4574
Sending record with id = 4575
Sending record with id = 4576
Sending record with id = 4577
Sending record with id = 4578
Sending record with id = 4579
Sending record with id = 4580
Sending record with id = 4581
Sending record with id = 4582
Sending record with id = 4583
Sending record with id = 4584
Sending record with id = 4585
Sending record with id = 4586
Sending record with id = 4587
Sending record with id = 4588
Sending record with id = 4589
Sending record with id = 4590
Sending record with id = 4591
Sending record with id = 4592
Sending record with id = 4593
Sending record with id = 4594
Sending record with id = 4595
Sending record with id = 4596
Sending record with id = 4597
Sending record with id = 4598
Sending record with id = 4599
Sending record with id = 4600
Sending record with id = 4601
Sending record with id = 4602
Sending record with id = 4603
Sending record with id = 4604
Sending record with id = 4605
Sending record with id = 4606
Sending record with id = 4607
Sending record with id = 4608
Sending record with id = 4609
Sending record with id = 4610
Sending record with id = 4611
Sending record with id = 4612
Sending record with id = 4613
Sending record with id = 4614
Sending record with id = 4615
Sending record with id = 4616
Sending record with id = 4617
Sending record with id = 4618
Sending record with id = 4619
Sending record with id = 4620
Sending record with id = 4621
Sending record with id = 4622
Sending record with id = 4623
Sending record with id = 4624
Sending record with id = 4625
Sending record with id = 4626
Sending record with id = 4627
Sending record with id = 4628
Sending record with id = 4629
Sending record with id = 4630
Sending record with id = 4631
Sending record with id = 4632
Sending record with id = 4633
Sending record with id = 4634
Sending record with id = 4635
Sending record with id = 4636
Sending record with id = 4637
Sending record with id = 4638
Sending record with id = 4639
Sending record with id = 4640
Sending record with id = 4641
Sending record with id = 4642
Sending record with id = 4643
Sending record with id = 4644
Sending record with id = 4645
Sending record with id = 4646
Sending record with id = 4647
Sending record with id = 4648
Sending record with id = 4649
Sending record with id = 4650
Sending record with id = 4651
Sending record with id = 4652
Sending record with id = 4653
Sending record with id = 4654
Sending record with id = 4655
Sending record with id = 4656
Sending record with id = 4657
Sending record with id = 4658
Sending record with id = 4659
Sending record with id = 4660
Sending record with id = 4661
Sending record with id = 4662
Sending record with id = 4663
Sending record with id = 4664
Sending record with id = 4665
Sending record with id = 4666
Sending record with id = 4667
Sending record with id = 4668
Sending record with id = 4669
Sending record with id = 4670
Sending record with id = 4671
Sending record with id = 4672
Sending record with id = 4673
Sending record with id = 4674
Sending record with id = 4675
Sending record with id = 4676
Sending record with id = 4677
Sending record with id = 4678
Sending record with id = 4679
Sending record with id = 4680
Sending record with id = 4681
Sending record with id = 4682
Sending record with id = 4683
Sending record with id = 4684
Sending record with id = 4685
Sending record with id = 4686
Sending record with id = 4687
Sending record with id = 4688
Sending record with id = 4689
Sending record with id = 4690
Sending record with id = 4691
Sending record with id = 4692
Sending record with id = 4693
Sending record with id = 4694
Sending record with id = 4695
Sending record with id = 4696
Sending record with id = 4697
Sending record with id = 4698
Sending record with id = 4699
Sending record with id = 4700
Sending record with id = 4701
Sending record with id = 4702
Sending record with id = 4703
Sending record with id = 4704
Sending record with id = 4705
Sending record with id = 4706
Sending record with id = 4707
Sending record with id = 4708
Sending record with id = 4709
Sending record with id = 4710
Sending record with id = 4711
Sending record with id = 4712
Sending record with id = 4713
Sending record with id = 4714
Sending record with id = 4715
Sending record with id = 4716
Sending record with id = 4717
Sending record with id = 4718
Sending record with id = 4719
Sending record with id = 4720
Sending record with id = 4721
Sending record with id = 4722
Sending record with id = 4723
Sending record with id = 4724
Sending record with id = 4725
Sending record with id = 4726
Sending record with id = 4727
Sending record with id = 4728
Sending record with id = 4729
Sending record with id = 4730
Sending record with id = 4731
Sending record with id = 4732
Sending record with id = 4733
Sending record with id = 4734
Sending record with id = 4735
Sending record with id = 4736
Sending record with id = 4737
Sending record with id = 4738
Sending record with id = 4739
Sending record with id = 4740
Sending record with id = 4741
Sending record with id = 4742
Sending record with id = 4743
Sending record with id = 4744
Sending record with id = 4745
Sending record with id = 4746
Sending record with id = 4747
Sending record with id = 4748
Sending record with id = 4749
Sending record with id = 4750
Sending record with id = 4751
Sending record with id = 4752
Sending record with id = 4753
Sending record with id = 4754
Sending record with id = 4755
Sending record with id = 4756
Sending record with id = 4757
Sending record with id = 4758
Sending record with id = 4759
Sending record with id = 4760
Sending record with id = 4761
Sending record with id = 4762
Sending record with id = 4763
Sending record with id = 4764
Sending record with id = 4765
Sending record with id = 4766
Sending record with id = 4767
Sending record with id = 4768
Sending record with id = 4769
Sending record with id = 4770
Sending record with id = 4771
Sending record with id = 4772
Sending record with id = 4773
Sending record with id = 4774
Sending record with id = 4775
Sending record with id = 4776
Sending record with id = 4777
Sending record with id = 4778
Sending record with id = 4779
Sending record with id = 4780
Sending record with id = 4781
Sending record with id = 4782
Sending record with id = 4783
Sending record with id = 4784
Sending record with id = 4785
Sending record with id = 4786
Sending record with id = 4787
Sending record with id = 4788
Sending record with id = 4789
Sending record with id = 4790
Sending record with id = 4791
Sending record with id = 4792
Sending record with id = 4793
Sending record with id = 4794
Sending record with id = 4795
Sending record with id = 4796
Sending record with id = 4797
Sending record with id = 4798
Sending record with id = 4799
Sending record with id = 4800
Sending record with id = 4801
Sending record with id = 4802
Sending record with id = 4803
Sending record with id = 4804
Sending record with id = 4805
Sending record with id = 4806
Sending record with id = 4807
Sending record with id = 4808
Sending record with id = 4809
Sending record with id = 4810
Sending record with id = 4811
Sending record with id = 4812
Sending record with id = 4813
Sending record with id = 4814
Sending record with id = 4815
Sending record with id = 4816
Sending record with id = 4817
Sending record with id = 4818
Sending record with id = 4819
Sending record with id = 4820
Sending record with id = 4821
Sending record with id = 4822
Sending record with id = 4823
Sending record with id = 4824
Sending record with id = 4825
Sending record with id = 4826
Sending record with id = 4827
Sending record with id = 4828
Sending record with id = 4829
Sending record with id = 4830
Sending record with id = 4831
Sending record with id = 4832
Sending record with id = 4833
Sending record with id = 4834
Sending record with id = 4835
Sending record with id = 4836
Sending record with id = 4837
Sending record with id = 4838
Sending record with id = 4839
Sending record with id = 4840
Sending record with id = 4841
Sending record with id = 4842
Sending record with id = 4843
Sending record with id = 4844
Sending record with id = 4845
Sending record with id = 4846
Sending record with id = 4847
Sending record with id = 4848
Sending record with id = 4849
Sending record with id = 4850
Sending record with id = 4851
Sending record with id = 4852
Sending record with id = 4853
Sending record with id = 4854
Sending record with id = 4855
Sending record with id = 4856
Sending record with id = 4857
Sending record with id = 4858
Sending record with id = 4859
Sending record with id = 4860
Sending record with id = 4861
Sending record with id = 4862
Sending record with id = 4863
Sending record with id = 4864
Sending record with id = 4865
Sending record with id = 4866
Sending record with id = 4867
Sending record with id = 4868
Sending record with id = 4869
Sending record with id = 4870
Sending record with id = 4871
Sending record with id = 4872
Sending record with id = 4873
Sending record with id = 4874
Sending record with id = 4875
Sending record with id = 4876
Sending record with id = 4877
Sending record with id = 4878
Sending record with id = 4879
Sending record with id = 4880
Sending record with id = 4881
Sending record with id = 4882
Sending record with id = 4883
Sending record with id = 4884
Sending record with id = 4885
Sending record with id = 4886
Sending record with id = 4887
Sending record with id = 4888
Sending record with id = 4889
Sending record with id = 4890
Sending record with id = 4891
Sending record with id = 4892
Sending record with id = 4893
Sending record with id = 4894
Sending record with id = 4895
Sending record with id = 4896
Sending record with id = 4897
Sending record with id = 4898
Sending record with id = 4899
Sending record with id = 4900
Sending record with id = 4901
Sending record with id = 4902
Sending record with id = 4903
Sending record with id = 4904
Sending record with id = 4905
Sending record with id = 4906
Sending record with id = 4907
Sending record with id = 4908
Sending record with id = 4909
Sending record with id = 4910
Sending record with id = 4911
Sending record with id = 4912
Sending record with id = 4913
Sending record with id = 4914
Sending record with id = 4915
Sending record with id = 4916
Sending record with id = 4917
Sending record with id = 4918
Sending record with id = 4919
Sending record with id = 4920
Sending record with id = 4921
Sending record with id = 4922
Sending record with id = 4923
Sending record with id = 4924
Sending record with id = 4925
Sending record with id = 4926
Sending record with id = 4927
Sending record with id = 4928
Sending record with id = 4929
Sending record with id = 4930
Sending record with id = 4931
Sending record with id = 4932
Sending record with id = 4933
Sending record with id = 4934
Sending record with id = 4935
Sending record with id = 4936
Sending record with id = 4937
Sending record with id = 4938
Sending record with id = 4939
Sending record with id = 4940
Sending record with id = 4941
Sending record with id = 4942
Sending record with id = 4943
Sending record with id = 4944
Sending record with id = 4945
Sending record with id = 4946
Sending record with id = 4947
Sending record with id = 4948
Sending record with id = 4949
Sending record with id = 4950
Sending record with id = 4951
Sending record with id = 4952
Sending record with id = 4953
Sending record with id = 4954
Sending record with id = 4955
Sending record with id = 4956
Sending record with id = 4957
Sending record with id = 4958
Sending record with id = 4959
Sending record with id = 4960
Sending record with id = 4961
Sending record with id = 4962
Sending record with id = 4963
Sending record with id = 4964
Sending record with id = 4965
Sending record with id = 4966
Sending record with id = 4967
Sending record with id = 4968
Sending record with id = 4969
Sending record with id = 4970
Sending record with id = 4971
Sending record with id = 4972
Sending record with id = 4973
Sending record with id = 4974
Sending record with id = 4975
Sending record with id = 4976
Sending record with id = 4977
Sending record with id = 4978
Sending record with id = 4979
Sending record with id = 4980
Sending record with id = 4981
Sending record with id = 4982
Sending record with id = 4983
Sending record with id = 4984
Sending record with id = 4985
Sending record with id = 4986
Sending record with id = 4987
Sending record with id = 4988
Sending record with id = 4989
Sending record with id = 4990
Sending record with id = 4991
Sending record with id = 4992
Sending record with id = 4993
Sending record with id = 4994
Sending record with id = 4995
Sending record with id = 4996
Sending record with id = 4997
Sending record with id = 4998
Sending record with id = 4999
Sending record with id = 5000
Successfully processed /data/data4.csv
Processing /data/data5.csv...
Sending record with id = 5001
Sending record with id = 5002
Sending record with id = 5003
Sending record with id = 5004
Sending record with id = 5005
Sending record with id = 5006
Sending record with id = 5007
Sending record with id = 5008
Sending record with id = 5009
Sending record with id = 5010
Sending record with id = 5011
Sending record with id = 5012
Sending record with id = 5013
Sending record with id = 5014
Sending record with id = 5015
Sending record with id = 5016
Sending record with id = 5017
Sending record with id = 5018
Sending record with id = 5019
Sending record with id = 5020
Sending record with id = 5021
Sending record with id = 5022
Sending record with id = 5023
Sending record with id = 5024
Sending record with id = 5025
Sending record with id = 5026
Sending record with id = 5027
Sending record with id = 5028
Sending record with id = 5029
Sending record with id = 5030
Sending record with id = 5031
Sending record with id = 5032
Sending record with id = 5033
Sending record with id = 5034
Sending record with id = 5035
Sending record with id = 5036
Sending record with id = 5037
Sending record with id = 5038
Sending record with id = 5039
Sending record with id = 5040
Sending record with id = 5041
Sending record with id = 5042
Sending record with id = 5043
Sending record with id = 5044
Sending record with id = 5045
Sending record with id = 5046
Sending record with id = 5047
Sending record with id = 5048
Sending record with id = 5049
Sending record with id = 5050
Sending record with id = 5051
Sending record with id = 5052
Sending record with id = 5053
Sending record with id = 5054
Sending record with id = 5055
Sending record with id = 5056
Sending record with id = 5057
Sending record with id = 5058
Sending record with id = 5059
Sending record with id = 5060
Sending record with id = 5061
Sending record with id = 5062
Sending record with id = 5063
Sending record with id = 5064
Sending record with id = 5065
Sending record with id = 5066
Sending record with id = 5067
Sending record with id = 5068
Sending record with id = 5069
Sending record with id = 5070
Sending record with id = 5071
Sending record with id = 5072
Sending record with id = 5073
Sending record with id = 5074
Sending record with id = 5075
Sending record with id = 5076
Sending record with id = 5077
Sending record with id = 5078
Sending record with id = 5079
Sending record with id = 5080
Sending record with id = 5081
Sending record with id = 5082
Sending record with id = 5083
Sending record with id = 5084
Sending record with id = 5085
Sending record with id = 5086
Sending record with id = 5087
Sending record with id = 5088
Sending record with id = 5089
Sending record with id = 5090
Sending record with id = 5091
Sending record with id = 5092
Sending record with id = 5093
Sending record with id = 5094
Sending record with id = 5095
Sending record with id = 5096
Sending record with id = 5097
Sending record with id = 5098
Sending record with id = 5099
Sending record with id = 5100
Sending record with id = 5101
Sending record with id = 5102
Sending record with id = 5103
Sending record with id = 5104
Sending record with id = 5105
Sending record with id = 5106
Sending record with id = 5107
Sending record with id = 5108
Sending record with id = 5109
Sending record with id = 5110
Sending record with id = 5111
Sending record with id = 5112
Sending record with id = 5113
Sending record with id = 5114
Sending record with id = 5115
Sending record with id = 5116
Sending record with id = 5117
Sending record with id = 5118
Sending record with id = 5119
Sending record with id = 5120
Sending record with id = 5121
Sending record with id = 5122
Sending record with id = 5123
Sending record with id = 5124
Sending record with id = 5125
Sending record with id = 5126
Sending record with id = 5127
Sending record with id = 5128
Sending record with id = 5129
Sending record with id = 5130
Sending record with id = 5131
Sending record with id = 5132
Sending record with id = 5133
Sending record with id = 5134
Sending record with id = 5135
Sending record with id = 5136
Sending record with id = 5137
Sending record with id = 5138
Sending record with id = 5139
Sending record with id = 5140
Sending record with id = 5141
Sending record with id = 5142
Sending record with id = 5143
Sending record with id = 5144
Sending record with id = 5145
Sending record with id = 5146
Sending record with id = 5147
Sending record with id = 5148
Sending record with id = 5149
Sending record with id = 5150
Sending record with id = 5151
Sending record with id = 5152
Sending record with id = 5153
Sending record with id = 5154
Sending record with id = 5155
Sending record with id = 5156
Sending record with id = 5157
Sending record with id = 5158
Sending record with id = 5159
Sending record with id = 5160
Sending record with id = 5161
Sending record with id = 5162
Sending record with id = 5163
Sending record with id = 5164
Sending record with id = 5165
Sending record with id = 5166
Sending record with id = 5167
Sending record with id = 5168
Sending record with id = 5169
Sending record with id = 5170
Sending record with id = 5171
Sending record with id = 5172
Sending record with id = 5173
Sending record with id = 5174
Sending record with id = 5175
Sending record with id = 5176
Sending record with id = 5177
Sending record with id = 5178
Sending record with id = 5179
Sending record with id = 5180
Sending record with id = 5181
Sending record with id = 5182
Sending record with id = 5183
Sending record with id = 5184
Sending record with id = 5185
Sending record with id = 5186
Sending record with id = 5187
Sending record with id = 5188
Sending record with id = 5189
Sending record with id = 5190
Sending record with id = 5191
Sending record with id = 5192
Sending record with id = 5193
Sending record with id = 5194
Sending record with id = 5195
Sending record with id = 5196
Sending record with id = 5197
Sending record with id = 5198
Sending record with id = 5199
Sending record with id = 5200
Sending record with id = 5201
Sending record with id = 5202
Sending record with id = 5203
Sending record with id = 5204
Sending record with id = 5205
Sending record with id = 5206
Sending record with id = 5207
Sending record with id = 5208
Sending record with id = 5209
Sending record with id = 5210
Sending record with id = 5211
Sending record with id = 5212
Sending record with id = 5213
Sending record with id = 5214
Sending record with id = 5215
Sending record with id = 5216
Sending record with id = 5217
Sending record with id = 5218
Sending record with id = 5219
Sending record with id = 5220
Sending record with id = 5221
Sending record with id = 5222
Sending record with id = 5223
Sending record with id = 5224
Sending record with id = 5225
Sending record with id = 5226
Sending record with id = 5227
Sending record with id = 5228
Sending record with id = 5229
Sending record with id = 5230
Sending record with id = 5231
Sending record with id = 5232
Sending record with id = 5233
Sending record with id = 5234
Sending record with id = 5235
Sending record with id = 5236
Sending record with id = 5237
Sending record with id = 5238
Sending record with id = 5239
Sending record with id = 5240
Sending record with id = 5241
Sending record with id = 5242
Sending record with id = 5243
Sending record with id = 5244
Sending record with id = 5245
Sending record with id = 5246
Sending record with id = 5247
Sending record with id = 5248
Sending record with id = 5249
Sending record with id = 5250
Sending record with id = 5251
Sending record with id = 5252
Sending record with id = 5253
Sending record with id = 5254
Sending record with id = 5255
Sending record with id = 5256
Sending record with id = 5257
Sending record with id = 5258
Sending record with id = 5259
Sending record with id = 5260
Sending record with id = 5261
Sending record with id = 5262
Sending record with id = 5263
Sending record with id = 5264
Sending record with id = 5265
Sending record with id = 5266
Sending record with id = 5267
Sending record with id = 5268
Sending record with id = 5269
Sending record with id = 5270
Sending record with id = 5271
Sending record with id = 5272
Sending record with id = 5273
Sending record with id = 5274
Sending record with id = 5275
Sending record with id = 5276
Sending record with id = 5277
Sending record with id = 5278
Sending record with id = 5279
Sending record with id = 5280
Sending record with id = 5281
Sending record with id = 5282
Sending record with id = 5283
Sending record with id = 5284
Sending record with id = 5285
Sending record with id = 5286
Sending record with id = 5287
Sending record with id = 5288
Sending record with id = 5289
Sending record with id = 5290
Sending record with id = 5291
Sending record with id = 5292
Sending record with id = 5293
Sending record with id = 5294
Sending record with id = 5295
Sending record with id = 5296
Sending record with id = 5297
Sending record with id = 5298
Sending record with id = 5299
Sending record with id = 5300
Sending record with id = 5301
Sending record with id = 5302
Sending record with id = 5303
Sending record with id = 5304
Sending record with id = 5305
Sending record with id = 5306
Sending record with id = 5307
Sending record with id = 5308
Sending record with id = 5309
Sending record with id = 5310
Sending record with id = 5311
Sending record with id = 5312
Sending record with id = 5313
Sending record with id = 5314
Sending record with id = 5315
Sending record with id = 5316
Sending record with id = 5317
Sending record with id = 5318
Sending record with id = 5319
Sending record with id = 5320
Sending record with id = 5321
Sending record with id = 5322
Sending record with id = 5323
Sending record with id = 5324
Sending record with id = 5325
Sending record with id = 5326
Sending record with id = 5327
Sending record with id = 5328
Sending record with id = 5329
Sending record with id = 5330
Sending record with id = 5331
Sending record with id = 5332
Sending record with id = 5333
Sending record with id = 5334
Sending record with id = 5335
Sending record with id = 5336
Sending record with id = 5337
Sending record with id = 5338
Sending record with id = 5339
Sending record with id = 5340
Sending record with id = 5341
Sending record with id = 5342
Sending record with id = 5343
Sending record with id = 5344
Sending record with id = 5345
Sending record with id = 5346
Sending record with id = 5347
Sending record with id = 5348
Sending record with id = 5349
Sending record with id = 5350
Sending record with id = 5351
Sending record with id = 5352
Sending record with id = 5353
Sending record with id = 5354
Sending record with id = 5355
Sending record with id = 5356
Sending record with id = 5357
Sending record with id = 5358
Sending record with id = 5359
Sending record with id = 5360
Sending record with id = 5361
Sending record with id = 5362
Sending record with id = 5363
Sending record with id = 5364
Sending record with id = 5365
Sending record with id = 5366
Sending record with id = 5367
Sending record with id = 5368
Sending record with id = 5369
Sending record with id = 5370
Sending record with id = 5371
Sending record with id = 5372
Sending record with id = 5373
Sending record with id = 5374
Sending record with id = 5375
Sending record with id = 5376
Sending record with id = 5377
Sending record with id = 5378
Sending record with id = 5379
Sending record with id = 5380
Sending record with id = 5381
Sending record with id = 5382
Sending record with id = 5383
Sending record with id = 5384
Sending record with id = 5385
Sending record with id = 5386
Sending record with id = 5387
Sending record with id = 5388
Sending record with id = 5389
Sending record with id = 5390
Sending record with id = 5391
Sending record with id = 5392
Sending record with id = 5393
Sending record with id = 5394
Sending record with id = 5395
Sending record with id = 5396
Sending record with id = 5397
Sending record with id = 5398
Sending record with id = 5399
Sending record with id = 5400
Sending record with id = 5401
Sending record with id = 5402
Sending record with id = 5403
Sending record with id = 5404
Sending record with id = 5405
Sending record with id = 5406
Sending record with id = 5407
Sending record with id = 5408
Sending record with id = 5409
Sending record with id = 5410
Sending record with id = 5411
Sending record with id = 5412
Sending record with id = 5413
Sending record with id = 5414
Sending record with id = 5415
Sending record with id = 5416
Sending record with id = 5417
Sending record with id = 5418
Sending record with id = 5419
Sending record with id = 5420
Sending record with id = 5421
Sending record with id = 5422
Sending record with id = 5423
Sending record with id = 5424
Sending record with id = 5425
Sending record with id = 5426
Sending record with id = 5427
Sending record with id = 5428
Sending record with id = 5429
Sending record with id = 5430
Sending record with id = 5431
Sending record with id = 5432
Sending record with id = 5433
Sending record with id = 5434
Sending record with id = 5435
Sending record with id = 5436
Sending record with id = 5437
Sending record with id = 5438
Sending record with id = 5439
Sending record with id = 5440
Sending record with id = 5441
Sending record with id = 5442
Sending record with id = 5443
Sending record with id = 5444
Sending record with id = 5445
Sending record with id = 5446
Sending record with id = 5447
Sending record with id = 5448
Sending record with id = 5449
Sending record with id = 5450
Sending record with id = 5451
Sending record with id = 5452
Sending record with id = 5453
Sending record with id = 5454
Sending record with id = 5455
Sending record with id = 5456
Sending record with id = 5457
Sending record with id = 5458
Sending record with id = 5459
Sending record with id = 5460
Sending record with id = 5461
Sending record with id = 5462
Sending record with id = 5463
Sending record with id = 5464
Sending record with id = 5465
Sending record with id = 5466
Sending record with id = 5467
Sending record with id = 5468
Sending record with id = 5469
Sending record with id = 5470
Sending record with id = 5471
Sending record with id = 5472
Sending record with id = 5473
Sending record with id = 5474
Sending record with id = 5475
Sending record with id = 5476
Sending record with id = 5477
Sending record with id = 5478
Sending record with id = 5479
Sending record with id = 5480
Sending record with id = 5481
Sending record with id = 5482
Sending record with id = 5483
Sending record with id = 5484
Sending record with id = 5485
Sending record with id = 5486
Sending record with id = 5487
Sending record with id = 5488
Sending record with id = 5489
Sending record with id = 5490
Sending record with id = 5491
Sending record with id = 5492
Sending record with id = 5493
Sending record with id = 5494
Sending record with id = 5495
Sending record with id = 5496
Sending record with id = 5497
Sending record with id = 5498
Sending record with id = 5499
Sending record with id = 5500
Sending record with id = 5501
Sending record with id = 5502
Sending record with id = 5503
Sending record with id = 5504
Sending record with id = 5505
Sending record with id = 5506
Sending record with id = 5507
Sending record with id = 5508
Sending record with id = 5509
Sending record with id = 5510
Sending record with id = 5511
Sending record with id = 5512
Sending record with id = 5513
Sending record with id = 5514
Sending record with id = 5515
Sending record with id = 5516
Sending record with id = 5517
Sending record with id = 5518
Sending record with id = 5519
Sending record with id = 5520
Sending record with id = 5521
Sending record with id = 5522
Sending record with id = 5523
Sending record with id = 5524
Sending record with id = 5525
Sending record with id = 5526
Sending record with id = 5527
Sending record with id = 5528
Sending record with id = 5529
Sending record with id = 5530
Sending record with id = 5531
Sending record with id = 5532
Sending record with id = 5533
Sending record with id = 5534
Sending record with id = 5535
Sending record with id = 5536
Sending record with id = 5537
Sending record with id = 5538
Sending record with id = 5539
Sending record with id = 5540
Sending record with id = 5541
Sending record with id = 5542
Sending record with id = 5543
Sending record with id = 5544
Sending record with id = 5545
Sending record with id = 5546
Sending record with id = 5547
Sending record with id = 5548
Sending record with id = 5549
Sending record with id = 5550
Sending record with id = 5551
Sending record with id = 5552
Sending record with id = 5553
Sending record with id = 5554
Sending record with id = 5555
Sending record with id = 5556
Sending record with id = 5557
Sending record with id = 5558
Sending record with id = 5559
Sending record with id = 5560
Sending record with id = 5561
Sending record with id = 5562
Sending record with id = 5563
Sending record with id = 5564
Sending record with id = 5565
Sending record with id = 5566
Sending record with id = 5567
Sending record with id = 5568
Sending record with id = 5569
Sending record with id = 5570
Sending record with id = 5571
Sending record with id = 5572
Sending record with id = 5573
Sending record with id = 5574
Sending record with id = 5575
Sending record with id = 5576
Sending record with id = 5577
Sending record with id = 5578
Sending record with id = 5579
Sending record with id = 5580
Sending record with id = 5581
Sending record with id = 5582
Sending record with id = 5583
Sending record with id = 5584
Sending record with id = 5585
Sending record with id = 5586
Sending record with id = 5587
Sending record with id = 5588
Sending record with id = 5589
Sending record with id = 5590
Sending record with id = 5591
Sending record with id = 5592
Sending record with id = 5593
Sending record with id = 5594
Sending record with id = 5595
Sending record with id = 5596
Sending record with id = 5597
Sending record with id = 5598
Sending record with id = 5599
Sending record with id = 5600
Sending record with id = 5601
Sending record with id = 5602
Sending record with id = 5603
Sending record with id = 5604
Sending record with id = 5605
Sending record with id = 5606
Sending record with id = 5607
Sending record with id = 5608
Sending record with id = 5609
Sending record with id = 5610
Sending record with id = 5611
Sending record with id = 5612
Sending record with id = 5613
Sending record with id = 5614
Sending record with id = 5615
Sending record with id = 5616
Sending record with id = 5617
Sending record with id = 5618
Sending record with id = 5619
Sending record with id = 5620
Sending record with id = 5621
Sending record with id = 5622
Sending record with id = 5623
Sending record with id = 5624
Sending record with id = 5625
Sending record with id = 5626
Sending record with id = 5627
Sending record with id = 5628
Sending record with id = 5629
Sending record with id = 5630
Sending record with id = 5631
Sending record with id = 5632
Sending record with id = 5633
Sending record with id = 5634
Sending record with id = 5635
Sending record with id = 5636
Sending record with id = 5637
Sending record with id = 5638
Sending record with id = 5639
Sending record with id = 5640
Sending record with id = 5641
Sending record with id = 5642
Sending record with id = 5643
Sending record with id = 5644
Sending record with id = 5645
Sending record with id = 5646
Sending record with id = 5647
Sending record with id = 5648
Sending record with id = 5649
Sending record with id = 5650
Sending record with id = 5651
Sending record with id = 5652
Sending record with id = 5653
Sending record with id = 5654
Sending record with id = 5655
Sending record with id = 5656
Sending record with id = 5657
Sending record with id = 5658
Sending record with id = 5659
Sending record with id = 5660
Sending record with id = 5661
Sending record with id = 5662
Sending record with id = 5663
Sending record with id = 5664
Sending record with id = 5665
Sending record with id = 5666
Sending record with id = 5667
Sending record with id = 5668
Sending record with id = 5669
Sending record with id = 5670
Sending record with id = 5671
Sending record with id = 5672
Sending record with id = 5673
Sending record with id = 5674
Sending record with id = 5675
Sending record with id = 5676
Sending record with id = 5677
Sending record with id = 5678
Sending record with id = 5679
Sending record with id = 5680
Sending record with id = 5681
Sending record with id = 5682
Sending record with id = 5683
Sending record with id = 5684
Sending record with id = 5685
Sending record with id = 5686
Sending record with id = 5687
Sending record with id = 5688
Sending record with id = 5689
Sending record with id = 5690
Sending record with id = 5691
Sending record with id = 5692
Sending record with id = 5693
Sending record with id = 5694
Sending record with id = 5695
Sending record with id = 5696
Sending record with id = 5697
Sending record with id = 5698
Sending record with id = 5699
Sending record with id = 5700
Sending record with id = 5701
Sending record with id = 5702
Sending record with id = 5703
Sending record with id = 5704
Sending record with id = 5705
Sending record with id = 5706
Sending record with id = 5707
Sending record with id = 5708
Sending record with id = 5709
Sending record with id = 5710
Sending record with id = 5711
Sending record with id = 5712
Sending record with id = 5713
Sending record with id = 5714
Sending record with id = 5715
Sending record with id = 5716
Sending record with id = 5717
Sending record with id = 5718
Sending record with id = 5719
Sending record with id = 5720
Sending record with id = 5721
Sending record with id = 5722
Sending record with id = 5723
Sending record with id = 5724
Sending record with id = 5725
Sending record with id = 5726
Sending record with id = 5727
Sending record with id = 5728
Sending record with id = 5729
Sending record with id = 5730
Sending record with id = 5731
Sending record with id = 5732
Sending record with id = 5733
Sending record with id = 5734
Sending record with id = 5735
Sending record with id = 5736
Sending record with id = 5737
Sending record with id = 5738
Sending record with id = 5739
Sending record with id = 5740
Sending record with id = 5741
Sending record with id = 5742
Sending record with id = 5743
Sending record with id = 5744
Sending record with id = 5745
Sending record with id = 5746
Sending record with id = 5747
Sending record with id = 5748
Sending record with id = 5749
Sending record with id = 5750
Sending record with id = 5751
Sending record with id = 5752
Sending record with id = 5753
Sending record with id = 5754
Sending record with id = 5755
Sending record with id = 5756
Sending record with id = 5757
Sending record with id = 5758
Sending record with id = 5759
Sending record with id = 5760
Sending record with id = 5761
Sending record with id = 5762
Sending record with id = 5763
Sending record with id = 5764
Sending record with id = 5765
Sending record with id = 5766
Sending record with id = 5767
Sending record with id = 5768
Sending record with id = 5769
Sending record with id = 5770
Sending record with id = 5771
Sending record with id = 5772
Sending record with id = 5773
Sending record with id = 5774
Sending record with id = 5775
Sending record with id = 5776
Sending record with id = 5777
Sending record with id = 5778
Sending record with id = 5779
Sending record with id = 5780
Sending record with id = 5781
Sending record with id = 5782
Sending record with id = 5783
Sending record with id = 5784
Sending record with id = 5785
Sending record with id = 5786
Sending record with id = 5787
Sending record with id = 5788
Sending record with id = 5789
Sending record with id = 5790
Sending record with id = 5791
Sending record with id = 5792
Sending record with id = 5793
Sending record with id = 5794
Sending record with id = 5795
Sending record with id = 5796
Sending record with id = 5797
Sending record with id = 5798
Sending record with id = 5799
Sending record with id = 5800
Sending record with id = 5801
Sending record with id = 5802
Sending record with id = 5803
Sending record with id = 5804
Sending record with id = 5805
Sending record with id = 5806
Sending record with id = 5807
Sending record with id = 5808
Sending record with id = 5809
Sending record with id = 5810
Sending record with id = 5811
Sending record with id = 5812
Sending record with id = 5813
Sending record with id = 5814
Sending record with id = 5815
Sending record with id = 5816
Sending record with id = 5817
Sending record with id = 5818
Sending record with id = 5819
Sending record with id = 5820
Sending record with id = 5821
Sending record with id = 5822
Sending record with id = 5823
Sending record with id = 5824
Sending record with id = 5825
Sending record with id = 5826
Sending record with id = 5827
Sending record with id = 5828
Sending record with id = 5829
Sending record with id = 5830
Sending record with id = 5831
Sending record with id = 5832
Sending record with id = 5833
Sending record with id = 5834
Sending record with id = 5835
Sending record with id = 5836
Sending record with id = 5837
Sending record with id = 5838
Sending record with id = 5839
Sending record with id = 5840
Sending record with id = 5841
Sending record with id = 5842
Sending record with id = 5843
Sending record with id = 5844
Sending record with id = 5845
Sending record with id = 5846
Sending record with id = 5847
Sending record with id = 5848
Sending record with id = 5849
Sending record with id = 5850
Sending record with id = 5851
Sending record with id = 5852
Sending record with id = 5853
Sending record with id = 5854
Sending record with id = 5855
Sending record with id = 5856
Sending record with id = 5857
Sending record with id = 5858
Sending record with id = 5859
Sending record with id = 5860
Sending record with id = 5861
Sending record with id = 5862
Sending record with id = 5863
Sending record with id = 5864
Sending record with id = 5865
Sending record with id = 5866
Sending record with id = 5867
Sending record with id = 5868
Sending record with id = 5869
Sending record with id = 5870
Sending record with id = 5871
Sending record with id = 5872
Sending record with id = 5873
Sending record with id = 5874
Sending record with id = 5875
Sending record with id = 5876
Sending record with id = 5877
Sending record with id = 5878
Sending record with id = 5879
Sending record with id = 5880
Sending record with id = 5881
Sending record with id = 5882
Sending record with id = 5883
Sending record with id = 5884
Sending record with id = 5885
Sending record with id = 5886
Sending record with id = 5887
Sending record with id = 5888
Sending record with id = 5889
Sending record with id = 5890
Sending record with id = 5891
Sending record with id = 5892
Sending record with id = 5893
Sending record with id = 5894
Sending record with id = 5895
Sending record with id = 5896
Sending record with id = 5897
Sending record with id = 5898
Sending record with id = 5899
Sending record with id = 5900
Sending record with id = 5901
Sending record with id = 5902
Sending record with id = 5903
Sending record with id = 5904
Sending record with id = 5905
Sending record with id = 5906
Sending record with id = 5907
Sending record with id = 5908
Sending record with id = 5909
Sending record with id = 5910
Sending record with id = 5911
Sending record with id = 5912
Sending record with id = 5913
Sending record with id = 5914
Sending record with id = 5915
Sending record with id = 5916
Sending record with id = 5917
Sending record with id = 5918
Sending record with id = 5919
Sending record with id = 5920
Sending record with id = 5921
Sending record with id = 5922
Sending record with id = 5923
Sending record with id = 5924
Sending record with id = 5925
Sending record with id = 5926
Sending record with id = 5927
Sending record with id = 5928
Sending record with id = 5929
Sending record with id = 5930
Sending record with id = 5931
Sending record with id = 5932
Sending record with id = 5933
Sending record with id = 5934
Sending record with id = 5935
Sending record with id = 5936
Sending record with id = 5937
Sending record with id = 5938
Sending record with id = 5939
Sending record with id = 5940
Sending record with id = 5941
Sending record with id = 5942
Sending record with id = 5943
Sending record with id = 5944
Sending record with id = 5945
Sending record with id = 5946
Sending record with id = 5947
Sending record with id = 5948
Sending record with id = 5949
Sending record with id = 5950
Sending record with id = 5951
Sending record with id = 5952
Sending record with id = 5953
Sending record with id = 5954
Sending record with id = 5955
Sending record with id = 5956
Sending record with id = 5957
Sending record with id = 5958
Sending record with id = 5959
Sending record with id = 5960
Sending record with id = 5961
Sending record with id = 5962
Sending record with id = 5963
Sending record with id = 5964
Sending record with id = 5965
Sending record with id = 5966
Sending record with id = 5967
Sending record with id = 5968
Sending record with id = 5969
Sending record with id = 5970
Sending record with id = 5971
Sending record with id = 5972
Sending record with id = 5973
Sending record with id = 5974
Sending record with id = 5975
Sending record with id = 5976
Sending record with id = 5977
Sending record with id = 5978
Sending record with id = 5979
Sending record with id = 5980
Sending record with id = 5981
Sending record with id = 5982
Sending record with id = 5983
Sending record with id = 5984
Sending record with id = 5985
Sending record with id = 5986
Sending record with id = 5987
Sending record with id = 5988
Sending record with id = 5989
Sending record with id = 5990
Sending record with id = 5991
Sending record with id = 5992
Sending record with id = 5993
Sending record with id = 5994
Sending record with id = 5995
Sending record with id = 5996
Sending record with id = 5997
Sending record with id = 5998
Sending record with id = 5999
Sending record with id = 6000
Successfully processed /data/data5.csv
Processing /data/data6.csv...
Sending record with id = 6001
Sending record with id = 6002
Sending record with id = 6003
Sending record with id = 6004
Sending record with id = 6005
Sending record with id = 6006
Sending record with id = 6007
Sending record with id = 6008
Sending record with id = 6009
Sending record with id = 6010
Sending record with id = 6011
Sending record with id = 6012
Sending record with id = 6013
Sending record with id = 6014
Sending record with id = 6015
Sending record with id = 6016
Sending record with id = 6017
Sending record with id = 6018
Sending record with id = 6019
Sending record with id = 6020
Sending record with id = 6021
Sending record with id = 6022
Sending record with id = 6023
Sending record with id = 6024
Sending record with id = 6025
Sending record with id = 6026
Sending record with id = 6027
Sending record with id = 6028
Sending record with id = 6029
Sending record with id = 6030
Sending record with id = 6031
Sending record with id = 6032
Sending record with id = 6033
Sending record with id = 6034
Sending record with id = 6035
Sending record with id = 6036
Sending record with id = 6037
Sending record with id = 6038
Sending record with id = 6039
Sending record with id = 6040
Sending record with id = 6041
Sending record with id = 6042
Sending record with id = 6043
Sending record with id = 6044
Sending record with id = 6045
Sending record with id = 6046
Sending record with id = 6047
Sending record with id = 6048
Sending record with id = 6049
Sending record with id = 6050
Sending record with id = 6051
Sending record with id = 6052
Sending record with id = 6053
Sending record with id = 6054
Sending record with id = 6055
Sending record with id = 6056
Sending record with id = 6057
Sending record with id = 6058
Sending record with id = 6059
Sending record with id = 6060
Sending record with id = 6061
Sending record with id = 6062
Sending record with id = 6063
Sending record with id = 6064
Sending record with id = 6065
Sending record with id = 6066
Sending record with id = 6067
Sending record with id = 6068
Sending record with id = 6069
Sending record with id = 6070
Sending record with id = 6071
Sending record with id = 6072
Sending record with id = 6073
Sending record with id = 6074
Sending record with id = 6075
Sending record with id = 6076
Sending record with id = 6077
Sending record with id = 6078
Sending record with id = 6079
Sending record with id = 6080
Sending record with id = 6081
Sending record with id = 6082
Sending record with id = 6083
Sending record with id = 6084
Sending record with id = 6085
Sending record with id = 6086
Sending record with id = 6087
Sending record with id = 6088
Sending record with id = 6089
Sending record with id = 6090
Sending record with id = 6091
Sending record with id = 6092
Sending record with id = 6093
Sending record with id = 6094
Sending record with id = 6095
Sending record with id = 6096
Sending record with id = 6097
Sending record with id = 6098
Sending record with id = 6099
Sending record with id = 6100
Sending record with id = 6101
Sending record with id = 6102
Sending record with id = 6103
Sending record with id = 6104
Sending record with id = 6105
Sending record with id = 6106
Sending record with id = 6107
Sending record with id = 6108
Sending record with id = 6109
Sending record with id = 6110
Sending record with id = 6111
Sending record with id = 6112
Sending record with id = 6113
Sending record with id = 6114
Sending record with id = 6115
Sending record with id = 6116
Sending record with id = 6117
Sending record with id = 6118
Sending record with id = 6119
Sending record with id = 6120
Sending record with id = 6121
Sending record with id = 6122
Sending record with id = 6123
Sending record with id = 6124
Sending record with id = 6125
Sending record with id = 6126
Sending record with id = 6127
Sending record with id = 6128
Sending record with id = 6129
Sending record with id = 6130
Sending record with id = 6131
Sending record with id = 6132
Sending record with id = 6133
Sending record with id = 6134
Sending record with id = 6135
Sending record with id = 6136
Sending record with id = 6137
Sending record with id = 6138
Sending record with id = 6139
Sending record with id = 6140
Sending record with id = 6141
Sending record with id = 6142
Sending record with id = 6143
Sending record with id = 6144
Sending record with id = 6145
Sending record with id = 6146
Sending record with id = 6147
Sending record with id = 6148
Sending record with id = 6149
Sending record with id = 6150
Sending record with id = 6151
Sending record with id = 6152
Sending record with id = 6153
Sending record with id = 6154
Sending record with id = 6155
Sending record with id = 6156
Sending record with id = 6157
Sending record with id = 6158
Sending record with id = 6159
Sending record with id = 6160
Sending record with id = 6161
Sending record with id = 6162
Sending record with id = 6163
Sending record with id = 6164
Sending record with id = 6165
Sending record with id = 6166
Sending record with id = 6167
Sending record with id = 6168
Sending record with id = 6169
Sending record with id = 6170
Sending record with id = 6171
Sending record with id = 6172
Sending record with id = 6173
Sending record with id = 6174
Sending record with id = 6175
Sending record with id = 6176
Sending record with id = 6177
Sending record with id = 6178
Sending record with id = 6179
Sending record with id = 6180
Sending record with id = 6181
Sending record with id = 6182
Sending record with id = 6183
Sending record with id = 6184
Sending record with id = 6185
Sending record with id = 6186
Sending record with id = 6187
Sending record with id = 6188
Sending record with id = 6189
Sending record with id = 6190
Sending record with id = 6191
Sending record with id = 6192
Sending record with id = 6193
Sending record with id = 6194
Sending record with id = 6195
Sending record with id = 6196
Sending record with id = 6197
Sending record with id = 6198
Sending record with id = 6199
Sending record with id = 6200
Sending record with id = 6201
Sending record with id = 6202
Sending record with id = 6203
Sending record with id = 6204
Sending record with id = 6205
Sending record with id = 6206
Sending record with id = 6207
Sending record with id = 6208
Sending record with id = 6209
Sending record with id = 6210
Sending record with id = 6211
Sending record with id = 6212
Sending record with id = 6213
Sending record with id = 6214
Sending record with id = 6215
Sending record with id = 6216
Sending record with id = 6217
Sending record with id = 6218
Sending record with id = 6219
Sending record with id = 6220
Sending record with id = 6221
Sending record with id = 6222
Sending record with id = 6223
Sending record with id = 6224
Sending record with id = 6225
Sending record with id = 6226
Sending record with id = 6227
Sending record with id = 6228
Sending record with id = 6229
Sending record with id = 6230
Sending record with id = 6231
Sending record with id = 6232
Sending record with id = 6233
Sending record with id = 6234
Sending record with id = 6235
Sending record with id = 6236
Sending record with id = 6237
Sending record with id = 6238
Sending record with id = 6239
Sending record with id = 6240
Sending record with id = 6241
Sending record with id = 6242
Sending record with id = 6243
Sending record with id = 6244
Sending record with id = 6245
Sending record with id = 6246
Sending record with id = 6247
Sending record with id = 6248
Sending record with id = 6249
Sending record with id = 6250
Sending record with id = 6251
Sending record with id = 6252
Sending record with id = 6253
Sending record with id = 6254
Sending record with id = 6255
Sending record with id = 6256
Sending record with id = 6257
Sending record with id = 6258
Sending record with id = 6259
Sending record with id = 6260
Sending record with id = 6261
Sending record with id = 6262
Sending record with id = 6263
Sending record with id = 6264
Sending record with id = 6265
Sending record with id = 6266
Sending record with id = 6267
Sending record with id = 6268
Sending record with id = 6269
Sending record with id = 6270
Sending record with id = 6271
Sending record with id = 6272
Sending record with id = 6273
Sending record with id = 6274
Sending record with id = 6275
Sending record with id = 6276
Sending record with id = 6277
Sending record with id = 6278
Sending record with id = 6279
Sending record with id = 6280
Sending record with id = 6281
Sending record with id = 6282
Sending record with id = 6283
Sending record with id = 6284
Sending record with id = 6285
Sending record with id = 6286
Sending record with id = 6287
Sending record with id = 6288
Sending record with id = 6289
Sending record with id = 6290
Sending record with id = 6291
Sending record with id = 6292
Sending record with id = 6293
Sending record with id = 6294
Sending record with id = 6295
Sending record with id = 6296
Sending record with id = 6297
Sending record with id = 6298
Sending record with id = 6299
Sending record with id = 6300
Sending record with id = 6301
Sending record with id = 6302
Sending record with id = 6303
Sending record with id = 6304
Sending record with id = 6305
Sending record with id = 6306
Sending record with id = 6307
Sending record with id = 6308
Sending record with id = 6309
Sending record with id = 6310
Sending record with id = 6311
Sending record with id = 6312
Sending record with id = 6313
Sending record with id = 6314
Sending record with id = 6315
Sending record with id = 6316
Sending record with id = 6317
Sending record with id = 6318
Sending record with id = 6319
Sending record with id = 6320
Sending record with id = 6321
Sending record with id = 6322
Sending record with id = 6323
Sending record with id = 6324
Sending record with id = 6325
Sending record with id = 6326
Sending record with id = 6327
Sending record with id = 6328
Sending record with id = 6329
Sending record with id = 6330
Sending record with id = 6331
Sending record with id = 6332
Sending record with id = 6333
Sending record with id = 6334
Sending record with id = 6335
Sending record with id = 6336
Sending record with id = 6337
Sending record with id = 6338
Sending record with id = 6339
Sending record with id = 6340
Sending record with id = 6341
Sending record with id = 6342
Sending record with id = 6343
Sending record with id = 6344
Sending record with id = 6345
Sending record with id = 6346
Sending record with id = 6347
Sending record with id = 6348
Sending record with id = 6349
Sending record with id = 6350
Sending record with id = 6351
Sending record with id = 6352
Sending record with id = 6353
Sending record with id = 6354
Sending record with id = 6355
Sending record with id = 6356
Sending record with id = 6357
Sending record with id = 6358
Sending record with id = 6359
Sending record with id = 6360
Sending record with id = 6361
Sending record with id = 6362
Sending record with id = 6363
Sending record with id = 6364
Sending record with id = 6365
Sending record with id = 6366
Sending record with id = 6367
Sending record with id = 6368
Sending record with id = 6369
Sending record with id = 6370
Sending record with id = 6371
Sending record with id = 6372
Sending record with id = 6373
Sending record with id = 6374
Sending record with id = 6375
Sending record with id = 6376
Sending record with id = 6377
Sending record with id = 6378
Sending record with id = 6379
Sending record with id = 6380
Sending record with id = 6381
Sending record with id = 6382
Sending record with id = 6383
Sending record with id = 6384
Sending record with id = 6385
Sending record with id = 6386
Sending record with id = 6387
Sending record with id = 6388
Sending record with id = 6389
Sending record with id = 6390
Sending record with id = 6391
Sending record with id = 6392
Sending record with id = 6393
Sending record with id = 6394
Sending record with id = 6395
Sending record with id = 6396
Sending record with id = 6397
Sending record with id = 6398
Sending record with id = 6399
Sending record with id = 6400
Sending record with id = 6401
Sending record with id = 6402
Sending record with id = 6403
Sending record with id = 6404
Sending record with id = 6405
Sending record with id = 6406
Sending record with id = 6407
Sending record with id = 6408
Sending record with id = 6409
Sending record with id = 6410
Sending record with id = 6411
Sending record with id = 6412
Sending record with id = 6413
Sending record with id = 6414
Sending record with id = 6415
Sending record with id = 6416
Sending record with id = 6417
Sending record with id = 6418
Sending record with id = 6419
Sending record with id = 6420
Sending record with id = 6421
Sending record with id = 6422
Sending record with id = 6423
Sending record with id = 6424
Sending record with id = 6425
Sending record with id = 6426
Sending record with id = 6427
Sending record with id = 6428
Sending record with id = 6429
Sending record with id = 6430
Sending record with id = 6431
Sending record with id = 6432
Sending record with id = 6433
Sending record with id = 6434
Sending record with id = 6435
Sending record with id = 6436
Sending record with id = 6437
Sending record with id = 6438
Sending record with id = 6439
Sending record with id = 6440
Sending record with id = 6441
Sending record with id = 6442
Sending record with id = 6443
Sending record with id = 6444
Sending record with id = 6445
Sending record with id = 6446
Sending record with id = 6447
Sending record with id = 6448
Sending record with id = 6449
Sending record with id = 6450
Sending record with id = 6451
Sending record with id = 6452
Sending record with id = 6453
Sending record with id = 6454
Sending record with id = 6455
Sending record with id = 6456
Sending record with id = 6457
Sending record with id = 6458
Sending record with id = 6459
Sending record with id = 6460
Sending record with id = 6461
Sending record with id = 6462
Sending record with id = 6463
Sending record with id = 6464
Sending record with id = 6465
Sending record with id = 6466
Sending record with id = 6467
Sending record with id = 6468
Sending record with id = 6469
Sending record with id = 6470
Sending record with id = 6471
Sending record with id = 6472
Sending record with id = 6473
Sending record with id = 6474
Sending record with id = 6475
Sending record with id = 6476
Sending record with id = 6477
Sending record with id = 6478
Sending record with id = 6479
Sending record with id = 6480
Sending record with id = 6481
Sending record with id = 6482
Sending record with id = 6483
Sending record with id = 6484
Sending record with id = 6485
Sending record with id = 6486
Sending record with id = 6487
Sending record with id = 6488
Sending record with id = 6489
Sending record with id = 6490
Sending record with id = 6491
Sending record with id = 6492
Sending record with id = 6493
Sending record with id = 6494
Sending record with id = 6495
Sending record with id = 6496
Sending record with id = 6497
Sending record with id = 6498
Sending record with id = 6499
Sending record with id = 6500
Sending record with id = 6501
Sending record with id = 6502
Sending record with id = 6503
Sending record with id = 6504
Sending record with id = 6505
Sending record with id = 6506
Sending record with id = 6507
Sending record with id = 6508
Sending record with id = 6509
Sending record with id = 6510
Sending record with id = 6511
Sending record with id = 6512
Sending record with id = 6513
Sending record with id = 6514
Sending record with id = 6515
Sending record with id = 6516
Sending record with id = 6517
Sending record with id = 6518
Sending record with id = 6519
Sending record with id = 6520
Sending record with id = 6521
Sending record with id = 6522
Sending record with id = 6523
Sending record with id = 6524
Sending record with id = 6525
Sending record with id = 6526
Sending record with id = 6527
Sending record with id = 6528
Sending record with id = 6529
Sending record with id = 6530
Sending record with id = 6531
Sending record with id = 6532
Sending record with id = 6533
Sending record with id = 6534
Sending record with id = 6535
Sending record with id = 6536
Sending record with id = 6537
Sending record with id = 6538
Sending record with id = 6539
Sending record with id = 6540
Sending record with id = 6541
Sending record with id = 6542
Sending record with id = 6543
Sending record with id = 6544
Sending record with id = 6545
Sending record with id = 6546
Sending record with id = 6547
Sending record with id = 6548
Sending record with id = 6549
Sending record with id = 6550
Sending record with id = 6551
Sending record with id = 6552
Sending record with id = 6553
Sending record with id = 6554
Sending record with id = 6555
Sending record with id = 6556
Sending record with id = 6557
Sending record with id = 6558
Sending record with id = 6559
Sending record with id = 6560
Sending record with id = 6561
Sending record with id = 6562
Sending record with id = 6563
Sending record with id = 6564
Sending record with id = 6565
Sending record with id = 6566
Sending record with id = 6567
Sending record with id = 6568
Sending record with id = 6569
Sending record with id = 6570
Sending record with id = 6571
Sending record with id = 6572
Sending record with id = 6573
Sending record with id = 6574
Sending record with id = 6575
Sending record with id = 6576
Sending record with id = 6577
Sending record with id = 6578
Sending record with id = 6579
Sending record with id = 6580
Sending record with id = 6581
Sending record with id = 6582
Sending record with id = 6583
Sending record with id = 6584
Sending record with id = 6585
Sending record with id = 6586
Sending record with id = 6587
Sending record with id = 6588
Sending record with id = 6589
Sending record with id = 6590
Sending record with id = 6591
Sending record with id = 6592
Sending record with id = 6593
Sending record with id = 6594
Sending record with id = 6595
Sending record with id = 6596
Sending record with id = 6597
Sending record with id = 6598
Sending record with id = 6599
Sending record with id = 6600
Sending record with id = 6601
Sending record with id = 6602
Sending record with id = 6603
Sending record with id = 6604
Sending record with id = 6605
Sending record with id = 6606
Sending record with id = 6607
Sending record with id = 6608
Sending record with id = 6609
Sending record with id = 6610
Sending record with id = 6611
Sending record with id = 6612
Sending record with id = 6613
Sending record with id = 6614
Sending record with id = 6615
Sending record with id = 6616
Sending record with id = 6617
Sending record with id = 6618
Sending record with id = 6619
Sending record with id = 6620
Sending record with id = 6621
Sending record with id = 6622
Sending record with id = 6623
Sending record with id = 6624
Sending record with id = 6625
Sending record with id = 6626
Sending record with id = 6627
Sending record with id = 6628
Sending record with id = 6629
Sending record with id = 6630
Sending record with id = 6631
Sending record with id = 6632
Sending record with id = 6633
Sending record with id = 6634
Sending record with id = 6635
Sending record with id = 6636
Sending record with id = 6637
Sending record with id = 6638
Sending record with id = 6639
Sending record with id = 6640
Sending record with id = 6641
Sending record with id = 6642
Sending record with id = 6643
Sending record with id = 6644
Sending record with id = 6645
Sending record with id = 6646
Sending record with id = 6647
Sending record with id = 6648
Sending record with id = 6649
Sending record with id = 6650
Sending record with id = 6651
Sending record with id = 6652
Sending record with id = 6653
Sending record with id = 6654
Sending record with id = 6655
Sending record with id = 6656
Sending record with id = 6657
Sending record with id = 6658
Sending record with id = 6659
Sending record with id = 6660
Sending record with id = 6661
Sending record with id = 6662
Sending record with id = 6663
Sending record with id = 6664
Sending record with id = 6665
Sending record with id = 6666
Sending record with id = 6667
Sending record with id = 6668
Sending record with id = 6669
Sending record with id = 6670
Sending record with id = 6671
Sending record with id = 6672
Sending record with id = 6673
Sending record with id = 6674
Sending record with id = 6675
Sending record with id = 6676
Sending record with id = 6677
Sending record with id = 6678
Sending record with id = 6679
Sending record with id = 6680
Sending record with id = 6681
Sending record with id = 6682
Sending record with id = 6683
Sending record with id = 6684
Sending record with id = 6685
Sending record with id = 6686
Sending record with id = 6687
Sending record with id = 6688
Sending record with id = 6689
Sending record with id = 6690
Sending record with id = 6691
Sending record with id = 6692
Sending record with id = 6693
Sending record with id = 6694
Sending record with id = 6695
Sending record with id = 6696
Sending record with id = 6697
Sending record with id = 6698
Sending record with id = 6699
Sending record with id = 6700
Sending record with id = 6701
Sending record with id = 6702
Sending record with id = 6703
Sending record with id = 6704
Sending record with id = 6705
Sending record with id = 6706
Sending record with id = 6707
Sending record with id = 6708
Sending record with id = 6709
Sending record with id = 6710
Sending record with id = 6711
Sending record with id = 6712
Sending record with id = 6713
Sending record with id = 6714
Sending record with id = 6715
Sending record with id = 6716
Sending record with id = 6717
Sending record with id = 6718
Sending record with id = 6719
Sending record with id = 6720
Sending record with id = 6721
Sending record with id = 6722
Sending record with id = 6723
Sending record with id = 6724
Sending record with id = 6725
Sending record with id = 6726
Sending record with id = 6727
Sending record with id = 6728
Sending record with id = 6729
Sending record with id = 6730
Sending record with id = 6731
Sending record with id = 6732
Sending record with id = 6733
Sending record with id = 6734
Sending record with id = 6735
Sending record with id = 6736
Sending record with id = 6737
Sending record with id = 6738
Sending record with id = 6739
Sending record with id = 6740
Sending record with id = 6741
Sending record with id = 6742
Sending record with id = 6743
Sending record with id = 6744
Sending record with id = 6745
Sending record with id = 6746
Sending record with id = 6747
Sending record with id = 6748
Sending record with id = 6749
Sending record with id = 6750
Sending record with id = 6751
Sending record with id = 6752
Sending record with id = 6753
Sending record with id = 6754
Sending record with id = 6755
Sending record with id = 6756
Sending record with id = 6757
Sending record with id = 6758
Sending record with id = 6759
Sending record with id = 6760
Sending record with id = 6761
Sending record with id = 6762
Sending record with id = 6763
Sending record with id = 6764
Sending record with id = 6765
Sending record with id = 6766
Sending record with id = 6767
Sending record with id = 6768
Sending record with id = 6769
Sending record with id = 6770
Sending record with id = 6771
Sending record with id = 6772
Sending record with id = 6773
Sending record with id = 6774
Sending record with id = 6775
Sending record with id = 6776
Sending record with id = 6777
Sending record with id = 6778
Sending record with id = 6779
Sending record with id = 6780
Sending record with id = 6781
Sending record with id = 6782
Sending record with id = 6783
Sending record with id = 6784
Sending record with id = 6785
Sending record with id = 6786
Sending record with id = 6787
Sending record with id = 6788
Sending record with id = 6789
Sending record with id = 6790
Sending record with id = 6791
Sending record with id = 6792
Sending record with id = 6793
Sending record with id = 6794
Sending record with id = 6795
Sending record with id = 6796
Sending record with id = 6797
Sending record with id = 6798
Sending record with id = 6799
Sending record with id = 6800
Sending record with id = 6801
Sending record with id = 6802
Sending record with id = 6803
Sending record with id = 6804
Sending record with id = 6805
Sending record with id = 6806
Sending record with id = 6807
Sending record with id = 6808
Sending record with id = 6809
Sending record with id = 6810
Sending record with id = 6811
Sending record with id = 6812
Sending record with id = 6813
Sending record with id = 6814
Sending record with id = 6815
Sending record with id = 6816
Sending record with id = 6817
Sending record with id = 6818
Sending record with id = 6819
Sending record with id = 6820
Sending record with id = 6821
Sending record with id = 6822
Sending record with id = 6823
Sending record with id = 6824
Sending record with id = 6825
Sending record with id = 6826
Sending record with id = 6827
Sending record with id = 6828
Sending record with id = 6829
Sending record with id = 6830
Sending record with id = 6831
Sending record with id = 6832
Sending record with id = 6833
Sending record with id = 6834
Sending record with id = 6835
Sending record with id = 6836
Sending record with id = 6837
Sending record with id = 6838
Sending record with id = 6839
Sending record with id = 6840
Sending record with id = 6841
Sending record with id = 6842
Sending record with id = 6843
Sending record with id = 6844
Sending record with id = 6845
Sending record with id = 6846
Sending record with id = 6847
Sending record with id = 6848
Sending record with id = 6849
Sending record with id = 6850
Sending record with id = 6851
Sending record with id = 6852
Sending record with id = 6853
Sending record with id = 6854
Sending record with id = 6855
Sending record with id = 6856
Sending record with id = 6857
Sending record with id = 6858
Sending record with id = 6859
Sending record with id = 6860
Sending record with id = 6861
Sending record with id = 6862
Sending record with id = 6863
Sending record with id = 6864
Sending record with id = 6865
Sending record with id = 6866
Sending record with id = 6867
Sending record with id = 6868
Sending record with id = 6869
Sending record with id = 6870
Sending record with id = 6871
Sending record with id = 6872
Sending record with id = 6873
Sending record with id = 6874
Sending record with id = 6875
Sending record with id = 6876
Sending record with id = 6877
Sending record with id = 6878
Sending record with id = 6879
Sending record with id = 6880
Sending record with id = 6881
Sending record with id = 6882
Sending record with id = 6883
Sending record with id = 6884
Sending record with id = 6885
Sending record with id = 6886
Sending record with id = 6887
Sending record with id = 6888
Sending record with id = 6889
Sending record with id = 6890
Sending record with id = 6891
Sending record with id = 6892
Sending record with id = 6893
Sending record with id = 6894
Sending record with id = 6895
Sending record with id = 6896
Sending record with id = 6897
Sending record with id = 6898
Sending record with id = 6899
Sending record with id = 6900
Sending record with id = 6901
Sending record with id = 6902
Sending record with id = 6903
Sending record with id = 6904
Sending record with id = 6905
Sending record with id = 6906
Sending record with id = 6907
Sending record with id = 6908
Sending record with id = 6909
Sending record with id = 6910
Sending record with id = 6911
Sending record with id = 6912
Sending record with id = 6913
Sending record with id = 6914
Sending record with id = 6915
Sending record with id = 6916
Sending record with id = 6917
Sending record with id = 6918
Sending record with id = 6919
Sending record with id = 6920
Sending record with id = 6921
Sending record with id = 6922
Sending record with id = 6923
Sending record with id = 6924
Sending record with id = 6925
Sending record with id = 6926
Sending record with id = 6927
Sending record with id = 6928
Sending record with id = 6929
Sending record with id = 6930
Sending record with id = 6931
Sending record with id = 6932
Sending record with id = 6933
Sending record with id = 6934
Sending record with id = 6935
Sending record with id = 6936
Sending record with id = 6937
Sending record with id = 6938
Sending record with id = 6939
Sending record with id = 6940
Sending record with id = 6941
Sending record with id = 6942
Sending record with id = 6943
Sending record with id = 6944
Sending record with id = 6945
Sending record with id = 6946
Sending record with id = 6947
Sending record with id = 6948
Sending record with id = 6949
Sending record with id = 6950
Sending record with id = 6951
Sending record with id = 6952
Sending record with id = 6953
Sending record with id = 6954
Sending record with id = 6955
Sending record with id = 6956
Sending record with id = 6957
Sending record with id = 6958
Sending record with id = 6959
Sending record with id = 6960
Sending record with id = 6961
Sending record with id = 6962
Sending record with id = 6963
Sending record with id = 6964
Sending record with id = 6965
Sending record with id = 6966
Sending record with id = 6967
Sending record with id = 6968
Sending record with id = 6969
Sending record with id = 6970
Sending record with id = 6971
Sending record with id = 6972
Sending record with id = 6973
Sending record with id = 6974
Sending record with id = 6975
Sending record with id = 6976
Sending record with id = 6977
Sending record with id = 6978
Sending record with id = 6979
Sending record with id = 6980
Sending record with id = 6981
Sending record with id = 6982
Sending record with id = 6983
Sending record with id = 6984
Sending record with id = 6985
Sending record with id = 6986
Sending record with id = 6987
Sending record with id = 6988
Sending record with id = 6989
Sending record with id = 6990
Sending record with id = 6991
Sending record with id = 6992
Sending record with id = 6993
Sending record with id = 6994
Sending record with id = 6995
Sending record with id = 6996
Sending record with id = 6997
Sending record with id = 6998
Sending record with id = 6999
Sending record with id = 7000
Successfully processed /data/data6.csv
Processing /data/data7.csv...
Sending record with id = 7001
Sending record with id = 7002
Sending record with id = 7003
Sending record with id = 7004
Sending record with id = 7005
Sending record with id = 7006
Sending record with id = 7007
Sending record with id = 7008
Sending record with id = 7009
Sending record with id = 7010
Sending record with id = 7011
Sending record with id = 7012
Sending record with id = 7013
Sending record with id = 7014
Sending record with id = 7015
Sending record with id = 7016
Sending record with id = 7017
Sending record with id = 7018
Sending record with id = 7019
Sending record with id = 7020
Sending record with id = 7021
Sending record with id = 7022
Sending record with id = 7023
Sending record with id = 7024
Sending record with id = 7025
Sending record with id = 7026
Sending record with id = 7027
Sending record with id = 7028
Sending record with id = 7029
Sending record with id = 7030
Sending record with id = 7031
Sending record with id = 7032
Sending record with id = 7033
Sending record with id = 7034
Sending record with id = 7035
Sending record with id = 7036
Sending record with id = 7037
Sending record with id = 7038
Sending record with id = 7039
Sending record with id = 7040
Sending record with id = 7041
Sending record with id = 7042
Sending record with id = 7043
Sending record with id = 7044
Sending record with id = 7045
Sending record with id = 7046
Sending record with id = 7047
Sending record with id = 7048
Sending record with id = 7049
Sending record with id = 7050
Sending record with id = 7051
Sending record with id = 7052
Sending record with id = 7053
Sending record with id = 7054
Sending record with id = 7055
Sending record with id = 7056
Sending record with id = 7057
Sending record with id = 7058
Sending record with id = 7059
Sending record with id = 7060
Sending record with id = 7061
Sending record with id = 7062
Sending record with id = 7063
Sending record with id = 7064
Sending record with id = 7065
Sending record with id = 7066
Sending record with id = 7067
Sending record with id = 7068
Sending record with id = 7069
Sending record with id = 7070
Sending record with id = 7071
Sending record with id = 7072
Sending record with id = 7073
Sending record with id = 7074
Sending record with id = 7075
Sending record with id = 7076
Sending record with id = 7077
Sending record with id = 7078
Sending record with id = 7079
Sending record with id = 7080
Sending record with id = 7081
Sending record with id = 7082
Sending record with id = 7083
Sending record with id = 7084
Sending record with id = 7085
Sending record with id = 7086
Sending record with id = 7087
Sending record with id = 7088
Sending record with id = 7089
Sending record with id = 7090
Sending record with id = 7091
Sending record with id = 7092
Sending record with id = 7093
Sending record with id = 7094
Sending record with id = 7095
Sending record with id = 7096
Sending record with id = 7097
Sending record with id = 7098
Sending record with id = 7099
Sending record with id = 7100
Sending record with id = 7101
Sending record with id = 7102
Sending record with id = 7103
Sending record with id = 7104
Sending record with id = 7105
Sending record with id = 7106
Sending record with id = 7107
Sending record with id = 7108
Sending record with id = 7109
Sending record with id = 7110
Sending record with id = 7111
Sending record with id = 7112
Sending record with id = 7113
Sending record with id = 7114
Sending record with id = 7115
Sending record with id = 7116
Sending record with id = 7117
Sending record with id = 7118
Sending record with id = 7119
Sending record with id = 7120
Sending record with id = 7121
Sending record with id = 7122
Sending record with id = 7123
Sending record with id = 7124
Sending record with id = 7125
Sending record with id = 7126
Sending record with id = 7127
Sending record with id = 7128
Sending record with id = 7129
Sending record with id = 7130
Sending record with id = 7131
Sending record with id = 7132
Sending record with id = 7133
Sending record with id = 7134
Sending record with id = 7135
Sending record with id = 7136
Sending record with id = 7137
Sending record with id = 7138
Sending record with id = 7139
Sending record with id = 7140
Sending record with id = 7141
Sending record with id = 7142
Sending record with id = 7143
Sending record with id = 7144
Sending record with id = 7145
Sending record with id = 7146
Sending record with id = 7147
Sending record with id = 7148
Sending record with id = 7149
Sending record with id = 7150
Sending record with id = 7151
Sending record with id = 7152
Sending record with id = 7153
Sending record with id = 7154
Sending record with id = 7155
Sending record with id = 7156
Sending record with id = 7157
Sending record with id = 7158
Sending record with id = 7159
Sending record with id = 7160
Sending record with id = 7161
Sending record with id = 7162
Sending record with id = 7163
Sending record with id = 7164
Sending record with id = 7165
Sending record with id = 7166
Sending record with id = 7167
Sending record with id = 7168
Sending record with id = 7169
Sending record with id = 7170
Sending record with id = 7171
Sending record with id = 7172
Sending record with id = 7173
Sending record with id = 7174
Sending record with id = 7175
Sending record with id = 7176
Sending record with id = 7177
Sending record with id = 7178
Sending record with id = 7179
Sending record with id = 7180
Sending record with id = 7181
Sending record with id = 7182
Sending record with id = 7183
Sending record with id = 7184
Sending record with id = 7185
Sending record with id = 7186
Sending record with id = 7187
Sending record with id = 7188
Sending record with id = 7189
Sending record with id = 7190
Sending record with id = 7191
Sending record with id = 7192
Sending record with id = 7193
Sending record with id = 7194
Sending record with id = 7195
Sending record with id = 7196
Sending record with id = 7197
Sending record with id = 7198
Sending record with id = 7199
Sending record with id = 7200
Sending record with id = 7201
Sending record with id = 7202
Sending record with id = 7203
Sending record with id = 7204
Sending record with id = 7205
Sending record with id = 7206
Sending record with id = 7207
Sending record with id = 7208
Sending record with id = 7209
Sending record with id = 7210
Sending record with id = 7211
Sending record with id = 7212
Sending record with id = 7213
Sending record with id = 7214
Sending record with id = 7215
Sending record with id = 7216
Sending record with id = 7217
Sending record with id = 7218
Sending record with id = 7219
Sending record with id = 7220
Sending record with id = 7221
Sending record with id = 7222
Sending record with id = 7223
Sending record with id = 7224
Sending record with id = 7225
Sending record with id = 7226
Sending record with id = 7227
Sending record with id = 7228
Sending record with id = 7229
Sending record with id = 7230
Sending record with id = 7231
Sending record with id = 7232
Sending record with id = 7233
Sending record with id = 7234
Sending record with id = 7235
Sending record with id = 7236
Sending record with id = 7237
Sending record with id = 7238
Sending record with id = 7239
Sending record with id = 7240
Sending record with id = 7241
Sending record with id = 7242
Sending record with id = 7243
Sending record with id = 7244
Sending record with id = 7245
Sending record with id = 7246
Sending record with id = 7247
Sending record with id = 7248
Sending record with id = 7249
Sending record with id = 7250
Sending record with id = 7251
Sending record with id = 7252
Sending record with id = 7253
Sending record with id = 7254
Sending record with id = 7255
Sending record with id = 7256
Sending record with id = 7257
Sending record with id = 7258
Sending record with id = 7259
Sending record with id = 7260
Sending record with id = 7261
Sending record with id = 7262
Sending record with id = 7263
Sending record with id = 7264
Sending record with id = 7265
Sending record with id = 7266
Sending record with id = 7267
Sending record with id = 7268
Sending record with id = 7269
Sending record with id = 7270
Sending record with id = 7271
Sending record with id = 7272
Sending record with id = 7273
Sending record with id = 7274
Sending record with id = 7275
Sending record with id = 7276
Sending record with id = 7277
Sending record with id = 7278
Sending record with id = 7279
Sending record with id = 7280
Sending record with id = 7281
Sending record with id = 7282
Sending record with id = 7283
Sending record with id = 7284
Sending record with id = 7285
Sending record with id = 7286
Sending record with id = 7287
Sending record with id = 7288
Sending record with id = 7289
Sending record with id = 7290
Sending record with id = 7291
Sending record with id = 7292
Sending record with id = 7293
Sending record with id = 7294
Sending record with id = 7295
Sending record with id = 7296
Sending record with id = 7297
Sending record with id = 7298
Sending record with id = 7299
Sending record with id = 7300
Sending record with id = 7301
Sending record with id = 7302
Sending record with id = 7303
Sending record with id = 7304
Sending record with id = 7305
Sending record with id = 7306
Sending record with id = 7307
Sending record with id = 7308
Sending record with id = 7309
Sending record with id = 7310
Sending record with id = 7311
Sending record with id = 7312
Sending record with id = 7313
Sending record with id = 7314
Sending record with id = 7315
Sending record with id = 7316
Sending record with id = 7317
Sending record with id = 7318
Sending record with id = 7319
Sending record with id = 7320
Sending record with id = 7321
Sending record with id = 7322
Sending record with id = 7323
Sending record with id = 7324
Sending record with id = 7325
Sending record with id = 7326
Sending record with id = 7327
Sending record with id = 7328
Sending record with id = 7329
Sending record with id = 7330
Sending record with id = 7331
Sending record with id = 7332
Sending record with id = 7333
Sending record with id = 7334
Sending record with id = 7335
Sending record with id = 7336
Sending record with id = 7337
Sending record with id = 7338
Sending record with id = 7339
Sending record with id = 7340
Sending record with id = 7341
Sending record with id = 7342
Sending record with id = 7343
Sending record with id = 7344
Sending record with id = 7345
Sending record with id = 7346
Sending record with id = 7347
Sending record with id = 7348
Sending record with id = 7349
Sending record with id = 7350
Sending record with id = 7351
Sending record with id = 7352
Sending record with id = 7353
Sending record with id = 7354
Sending record with id = 7355
Sending record with id = 7356
Sending record with id = 7357
Sending record with id = 7358
Sending record with id = 7359
Sending record with id = 7360
Sending record with id = 7361
Sending record with id = 7362
Sending record with id = 7363
Sending record with id = 7364
Sending record with id = 7365
Sending record with id = 7366
Sending record with id = 7367
Sending record with id = 7368
Sending record with id = 7369
Sending record with id = 7370
Sending record with id = 7371
Sending record with id = 7372
Sending record with id = 7373
Sending record with id = 7374
Sending record with id = 7375
Sending record with id = 7376
Sending record with id = 7377
Sending record with id = 7378
Sending record with id = 7379
Sending record with id = 7380
Sending record with id = 7381
Sending record with id = 7382
Sending record with id = 7383
Sending record with id = 7384
Sending record with id = 7385
Sending record with id = 7386
Sending record with id = 7387
Sending record with id = 7388
Sending record with id = 7389
Sending record with id = 7390
Sending record with id = 7391
Sending record with id = 7392
Sending record with id = 7393
Sending record with id = 7394
Sending record with id = 7395
Sending record with id = 7396
Sending record with id = 7397
Sending record with id = 7398
Sending record with id = 7399
Sending record with id = 7400
Sending record with id = 7401
Sending record with id = 7402
Sending record with id = 7403
Sending record with id = 7404
Sending record with id = 7405
Sending record with id = 7406
Sending record with id = 7407
Sending record with id = 7408
Sending record with id = 7409
Sending record with id = 7410
Sending record with id = 7411
Sending record with id = 7412
Sending record with id = 7413
Sending record with id = 7414
Sending record with id = 7415
Sending record with id = 7416
Sending record with id = 7417
Sending record with id = 7418
Sending record with id = 7419
Sending record with id = 7420
Sending record with id = 7421
Sending record with id = 7422
Sending record with id = 7423
Sending record with id = 7424
Sending record with id = 7425
Sending record with id = 7426
Sending record with id = 7427
Sending record with id = 7428
Sending record with id = 7429
Sending record with id = 7430
Sending record with id = 7431
Sending record with id = 7432
Sending record with id = 7433
Sending record with id = 7434
Sending record with id = 7435
Sending record with id = 7436
Sending record with id = 7437
Sending record with id = 7438
Sending record with id = 7439
Sending record with id = 7440
Sending record with id = 7441
Sending record with id = 7442
Sending record with id = 7443
Sending record with id = 7444
Sending record with id = 7445
Sending record with id = 7446
Sending record with id = 7447
Sending record with id = 7448
Sending record with id = 7449
Sending record with id = 7450
Sending record with id = 7451
Sending record with id = 7452
Sending record with id = 7453
Sending record with id = 7454
Sending record with id = 7455
Sending record with id = 7456
Sending record with id = 7457
Sending record with id = 7458
Sending record with id = 7459
Sending record with id = 7460
Sending record with id = 7461
Sending record with id = 7462
Sending record with id = 7463
Sending record with id = 7464
Sending record with id = 7465
Sending record with id = 7466
Sending record with id = 7467
Sending record with id = 7468
Sending record with id = 7469
Sending record with id = 7470
Sending record with id = 7471
Sending record with id = 7472
Sending record with id = 7473
Sending record with id = 7474
Sending record with id = 7475
Sending record with id = 7476
Sending record with id = 7477
Sending record with id = 7478
Sending record with id = 7479
Sending record with id = 7480
Sending record with id = 7481
Sending record with id = 7482
Sending record with id = 7483
Sending record with id = 7484
Sending record with id = 7485
Sending record with id = 7486
Sending record with id = 7487
Sending record with id = 7488
Sending record with id = 7489
Sending record with id = 7490
Sending record with id = 7491
Sending record with id = 7492
Sending record with id = 7493
Sending record with id = 7494
Sending record with id = 7495
Sending record with id = 7496
Sending record with id = 7497
Sending record with id = 7498
Sending record with id = 7499
Sending record with id = 7500
Sending record with id = 7501
Sending record with id = 7502
Sending record with id = 7503
Sending record with id = 7504
Sending record with id = 7505
Sending record with id = 7506
Sending record with id = 7507
Sending record with id = 7508
Sending record with id = 7509
Sending record with id = 7510
Sending record with id = 7511
Sending record with id = 7512
Sending record with id = 7513
Sending record with id = 7514
Sending record with id = 7515
Sending record with id = 7516
Sending record with id = 7517
Sending record with id = 7518
Sending record with id = 7519
Sending record with id = 7520
Sending record with id = 7521
Sending record with id = 7522
Sending record with id = 7523
Sending record with id = 7524
Sending record with id = 7525
Sending record with id = 7526
Sending record with id = 7527
Sending record with id = 7528
Sending record with id = 7529
Sending record with id = 7530
Sending record with id = 7531
Sending record with id = 7532
Sending record with id = 7533
Sending record with id = 7534
Sending record with id = 7535
Sending record with id = 7536
Sending record with id = 7537
Sending record with id = 7538
Sending record with id = 7539
Sending record with id = 7540
Sending record with id = 7541
Sending record with id = 7542
Sending record with id = 7543
Sending record with id = 7544
Sending record with id = 7545
Sending record with id = 7546
Sending record with id = 7547
Sending record with id = 7548
Sending record with id = 7549
Sending record with id = 7550
Sending record with id = 7551
Sending record with id = 7552
Sending record with id = 7553
Sending record with id = 7554
Sending record with id = 7555
Sending record with id = 7556
Sending record with id = 7557
Sending record with id = 7558
Sending record with id = 7559
Sending record with id = 7560
Sending record with id = 7561
Sending record with id = 7562
Sending record with id = 7563
Sending record with id = 7564
Sending record with id = 7565
Sending record with id = 7566
Sending record with id = 7567
Sending record with id = 7568
Sending record with id = 7569
Sending record with id = 7570
Sending record with id = 7571
Sending record with id = 7572
Sending record with id = 7573
Sending record with id = 7574
Sending record with id = 7575
Sending record with id = 7576
Sending record with id = 7577
Sending record with id = 7578
Sending record with id = 7579
Sending record with id = 7580
Sending record with id = 7581
Sending record with id = 7582
Sending record with id = 7583
Sending record with id = 7584
Sending record with id = 7585
Sending record with id = 7586
Sending record with id = 7587
Sending record with id = 7588
Sending record with id = 7589
Sending record with id = 7590
Sending record with id = 7591
Sending record with id = 7592
Sending record with id = 7593
Sending record with id = 7594
Sending record with id = 7595
Sending record with id = 7596
Sending record with id = 7597
Sending record with id = 7598
Sending record with id = 7599
Sending record with id = 7600
Sending record with id = 7601
Sending record with id = 7602
Sending record with id = 7603
Sending record with id = 7604
Sending record with id = 7605
Sending record with id = 7606
Sending record with id = 7607
Sending record with id = 7608
Sending record with id = 7609
Sending record with id = 7610
Sending record with id = 7611
Sending record with id = 7612
Sending record with id = 7613
Sending record with id = 7614
Sending record with id = 7615
Sending record with id = 7616
Sending record with id = 7617
Sending record with id = 7618
Sending record with id = 7619
Sending record with id = 7620
Sending record with id = 7621
Sending record with id = 7622
Sending record with id = 7623
Sending record with id = 7624
Sending record with id = 7625
Sending record with id = 7626
Sending record with id = 7627
Sending record with id = 7628
Sending record with id = 7629
Sending record with id = 7630
Sending record with id = 7631
Sending record with id = 7632
Sending record with id = 7633
Sending record with id = 7634
Sending record with id = 7635
Sending record with id = 7636
Sending record with id = 7637
Sending record with id = 7638
Sending record with id = 7639
Sending record with id = 7640
Sending record with id = 7641
Sending record with id = 7642
Sending record with id = 7643
Sending record with id = 7644
Sending record with id = 7645
Sending record with id = 7646
Sending record with id = 7647
Sending record with id = 7648
Sending record with id = 7649
Sending record with id = 7650
Sending record with id = 7651
Sending record with id = 7652
Sending record with id = 7653
Sending record with id = 7654
Sending record with id = 7655
Sending record with id = 7656
Sending record with id = 7657
Sending record with id = 7658
Sending record with id = 7659
Sending record with id = 7660
Sending record with id = 7661
Sending record with id = 7662
Sending record with id = 7663
Sending record with id = 7664
Sending record with id = 7665
Sending record with id = 7666
Sending record with id = 7667
Sending record with id = 7668
Sending record with id = 7669
Sending record with id = 7670
Sending record with id = 7671
Sending record with id = 7672
Sending record with id = 7673
Sending record with id = 7674
Sending record with id = 7675
Sending record with id = 7676
Sending record with id = 7677
Sending record with id = 7678
Sending record with id = 7679
Sending record with id = 7680
Sending record with id = 7681
Sending record with id = 7682
Sending record with id = 7683
Sending record with id = 7684
Sending record with id = 7685
Sending record with id = 7686
Sending record with id = 7687
Sending record with id = 7688
Sending record with id = 7689
Sending record with id = 7690
Sending record with id = 7691
Sending record with id = 7692
Sending record with id = 7693
Sending record with id = 7694
Sending record with id = 7695
Sending record with id = 7696
Sending record with id = 7697
Sending record with id = 7698
Sending record with id = 7699
Sending record with id = 7700
Sending record with id = 7701
Sending record with id = 7702
Sending record with id = 7703
Sending record with id = 7704
Sending record with id = 7705
Sending record with id = 7706
Sending record with id = 7707
Sending record with id = 7708
Sending record with id = 7709
Sending record with id = 7710
Sending record with id = 7711
Sending record with id = 7712
Sending record with id = 7713
Sending record with id = 7714
Sending record with id = 7715
Sending record with id = 7716
Sending record with id = 7717
Sending record with id = 7718
Sending record with id = 7719
Sending record with id = 7720
Sending record with id = 7721
Sending record with id = 7722
Sending record with id = 7723
Sending record with id = 7724
Sending record with id = 7725
Sending record with id = 7726
Sending record with id = 7727
Sending record with id = 7728
Sending record with id = 7729
Sending record with id = 7730
Sending record with id = 7731
Sending record with id = 7732
Sending record with id = 7733
Sending record with id = 7734
Sending record with id = 7735
Sending record with id = 7736
Sending record with id = 7737
Sending record with id = 7738
Sending record with id = 7739
Sending record with id = 7740
Sending record with id = 7741
Sending record with id = 7742
Sending record with id = 7743
Sending record with id = 7744
Sending record with id = 7745
Sending record with id = 7746
Sending record with id = 7747
Sending record with id = 7748
Sending record with id = 7749
Sending record with id = 7750
Sending record with id = 7751
Sending record with id = 7752
Sending record with id = 7753
Sending record with id = 7754
Sending record with id = 7755
Sending record with id = 7756
Sending record with id = 7757
Sending record with id = 7758
Sending record with id = 7759
Sending record with id = 7760
Sending record with id = 7761
Sending record with id = 7762
Sending record with id = 7763
Sending record with id = 7764
Sending record with id = 7765
Sending record with id = 7766
Sending record with id = 7767
Sending record with id = 7768
Sending record with id = 7769
Sending record with id = 7770
Sending record with id = 7771
Sending record with id = 7772
Sending record with id = 7773
Sending record with id = 7774
Sending record with id = 7775
Sending record with id = 7776
Sending record with id = 7777
Sending record with id = 7778
Sending record with id = 7779
Sending record with id = 7780
Sending record with id = 7781
Sending record with id = 7782
Sending record with id = 7783
Sending record with id = 7784
Sending record with id = 7785
Sending record with id = 7786
Sending record with id = 7787
Sending record with id = 7788
Sending record with id = 7789
Sending record with id = 7790
Sending record with id = 7791
Sending record with id = 7792
Sending record with id = 7793
Sending record with id = 7794
Sending record with id = 7795
Sending record with id = 7796
Sending record with id = 7797
Sending record with id = 7798
Sending record with id = 7799
Sending record with id = 7800
Sending record with id = 7801
Sending record with id = 7802
Sending record with id = 7803
Sending record with id = 7804
Sending record with id = 7805
Sending record with id = 7806
Sending record with id = 7807
Sending record with id = 7808
Sending record with id = 7809
Sending record with id = 7810
Sending record with id = 7811
Sending record with id = 7812
Sending record with id = 7813
Sending record with id = 7814
Sending record with id = 7815
Sending record with id = 7816
Sending record with id = 7817
Sending record with id = 7818
Sending record with id = 7819
Sending record with id = 7820
Sending record with id = 7821
Sending record with id = 7822
Sending record with id = 7823
Sending record with id = 7824
Sending record with id = 7825
Sending record with id = 7826
Sending record with id = 7827
Sending record with id = 7828
Sending record with id = 7829
Sending record with id = 7830
Sending record with id = 7831
Sending record with id = 7832
Sending record with id = 7833
Sending record with id = 7834
Sending record with id = 7835
Sending record with id = 7836
Sending record with id = 7837
Sending record with id = 7838
Sending record with id = 7839
Sending record with id = 7840
Sending record with id = 7841
Sending record with id = 7842
Sending record with id = 7843
Sending record with id = 7844
Sending record with id = 7845
Sending record with id = 7846
Sending record with id = 7847
Sending record with id = 7848
Sending record with id = 7849
Sending record with id = 7850
Sending record with id = 7851
Sending record with id = 7852
Sending record with id = 7853
Sending record with id = 7854
Sending record with id = 7855
Sending record with id = 7856
Sending record with id = 7857
Sending record with id = 7858
Sending record with id = 7859
Sending record with id = 7860
Sending record with id = 7861
Sending record with id = 7862
Sending record with id = 7863
Sending record with id = 7864
Sending record with id = 7865
Sending record with id = 7866
Sending record with id = 7867
Sending record with id = 7868
Sending record with id = 7869
Sending record with id = 7870
Sending record with id = 7871
Sending record with id = 7872
Sending record with id = 7873
Sending record with id = 7874
Sending record with id = 7875
Sending record with id = 7876
Sending record with id = 7877
Sending record with id = 7878
Sending record with id = 7879
Sending record with id = 7880
Sending record with id = 7881
Sending record with id = 7882
Sending record with id = 7883
Sending record with id = 7884
Sending record with id = 7885
Sending record with id = 7886
Sending record with id = 7887
Sending record with id = 7888
Sending record with id = 7889
Sending record with id = 7890
Sending record with id = 7891
Sending record with id = 7892
Sending record with id = 7893
Sending record with id = 7894
Sending record with id = 7895
Sending record with id = 7896
Sending record with id = 7897
Sending record with id = 7898
Sending record with id = 7899
Sending record with id = 7900
Sending record with id = 7901
Sending record with id = 7902
Sending record with id = 7903
Sending record with id = 7904
Sending record with id = 7905
Sending record with id = 7906
Sending record with id = 7907
Sending record with id = 7908
Sending record with id = 7909
Sending record with id = 7910
Sending record with id = 7911
Sending record with id = 7912
Sending record with id = 7913
Sending record with id = 7914
Sending record with id = 7915
Sending record with id = 7916
Sending record with id = 7917
Sending record with id = 7918
Sending record with id = 7919
Sending record with id = 7920
Sending record with id = 7921
Sending record with id = 7922
Sending record with id = 7923
Sending record with id = 7924
Sending record with id = 7925
Sending record with id = 7926
Sending record with id = 7927
Sending record with id = 7928
Sending record with id = 7929
Sending record with id = 7930
Sending record with id = 7931
Sending record with id = 7932
Sending record with id = 7933
Sending record with id = 7934
Sending record with id = 7935
Sending record with id = 7936
Sending record with id = 7937
Sending record with id = 7938
Sending record with id = 7939
Sending record with id = 7940
Sending record with id = 7941
Sending record with id = 7942
Sending record with id = 7943
Sending record with id = 7944
Sending record with id = 7945
Sending record with id = 7946
Sending record with id = 7947
Sending record with id = 7948
Sending record with id = 7949
Sending record with id = 7950
Sending record with id = 7951
Sending record with id = 7952
Sending record with id = 7953
Sending record with id = 7954
Sending record with id = 7955
Sending record with id = 7956
Sending record with id = 7957
Sending record with id = 7958
Sending record with id = 7959
Sending record with id = 7960
Sending record with id = 7961
Sending record with id = 7962
Sending record with id = 7963
Sending record with id = 7964
Sending record with id = 7965
Sending record with id = 7966
Sending record with id = 7967
Sending record with id = 7968
Sending record with id = 7969
Sending record with id = 7970
Sending record with id = 7971
Sending record with id = 7972
Sending record with id = 7973
Sending record with id = 7974
Sending record with id = 7975
Sending record with id = 7976
Sending record with id = 7977
Sending record with id = 7978
Sending record with id = 7979
Sending record with id = 7980
Sending record with id = 7981
Sending record with id = 7982
Sending record with id = 7983
Sending record with id = 7984
Sending record with id = 7985
Sending record with id = 7986
Sending record with id = 7987
Sending record with id = 7988
Sending record with id = 7989
Sending record with id = 7990
Sending record with id = 7991
Sending record with id = 7992
Sending record with id = 7993
Sending record with id = 7994
Sending record with id = 7995
Sending record with id = 7996
Sending record with id = 7997
Sending record with id = 7998
Sending record with id = 7999
Sending record with id = 8000
Successfully processed /data/data7.csv
Processing /data/data8.csv...
Sending record with id = 8001
Sending record with id = 8002
Sending record with id = 8003
Sending record with id = 8004
Sending record with id = 8005
Sending record with id = 8006
Sending record with id = 8007
Sending record with id = 8008
Sending record with id = 8009
Sending record with id = 8010
Sending record with id = 8011
Sending record with id = 8012
Sending record with id = 8013
Sending record with id = 8014
Sending record with id = 8015
Sending record with id = 8016
Sending record with id = 8017
Sending record with id = 8018
Sending record with id = 8019
Sending record with id = 8020
Sending record with id = 8021
Sending record with id = 8022
Sending record with id = 8023
Sending record with id = 8024
Sending record with id = 8025
Sending record with id = 8026
Sending record with id = 8027
Sending record with id = 8028
Sending record with id = 8029
Sending record with id = 8030
Sending record with id = 8031
Sending record with id = 8032
Sending record with id = 8033
Sending record with id = 8034
Sending record with id = 8035
Sending record with id = 8036
Sending record with id = 8037
Sending record with id = 8038
Sending record with id = 8039
Sending record with id = 8040
Sending record with id = 8041
Sending record with id = 8042
Sending record with id = 8043
Sending record with id = 8044
Sending record with id = 8045
Sending record with id = 8046
Sending record with id = 8047
Sending record with id = 8048
Sending record with id = 8049
Sending record with id = 8050
Sending record with id = 8051
Sending record with id = 8052
Sending record with id = 8053
Sending record with id = 8054
Sending record with id = 8055
Sending record with id = 8056
Sending record with id = 8057
Sending record with id = 8058
Sending record with id = 8059
Sending record with id = 8060
Sending record with id = 8061
Sending record with id = 8062
Sending record with id = 8063
Sending record with id = 8064
Sending record with id = 8065
Sending record with id = 8066
Sending record with id = 8067
Sending record with id = 8068
Sending record with id = 8069
Sending record with id = 8070
Sending record with id = 8071
Sending record with id = 8072
Sending record with id = 8073
Sending record with id = 8074
Sending record with id = 8075
Sending record with id = 8076
Sending record with id = 8077
Sending record with id = 8078
Sending record with id = 8079
Sending record with id = 8080
Sending record with id = 8081
Sending record with id = 8082
Sending record with id = 8083
Sending record with id = 8084
Sending record with id = 8085
Sending record with id = 8086
Sending record with id = 8087
Sending record with id = 8088
Sending record with id = 8089
Sending record with id = 8090
Sending record with id = 8091
Sending record with id = 8092
Sending record with id = 8093
Sending record with id = 8094
Sending record with id = 8095
Sending record with id = 8096
Sending record with id = 8097
Sending record with id = 8098
Sending record with id = 8099
Sending record with id = 8100
Sending record with id = 8101
Sending record with id = 8102
Sending record with id = 8103
Sending record with id = 8104
Sending record with id = 8105
Sending record with id = 8106
Sending record with id = 8107
Sending record with id = 8108
Sending record with id = 8109
Sending record with id = 8110
Sending record with id = 8111
Sending record with id = 8112
Sending record with id = 8113
Sending record with id = 8114
Sending record with id = 8115
Sending record with id = 8116
Sending record with id = 8117
Sending record with id = 8118
Sending record with id = 8119
Sending record with id = 8120
Sending record with id = 8121
Sending record with id = 8122
Sending record with id = 8123
Sending record with id = 8124
Sending record with id = 8125
Sending record with id = 8126
Sending record with id = 8127
Sending record with id = 8128
Sending record with id = 8129
Sending record with id = 8130
Sending record with id = 8131
Sending record with id = 8132
Sending record with id = 8133
Sending record with id = 8134
Sending record with id = 8135
Sending record with id = 8136
Sending record with id = 8137
Sending record with id = 8138
Sending record with id = 8139
Sending record with id = 8140
Sending record with id = 8141
Sending record with id = 8142
Sending record with id = 8143
Sending record with id = 8144
Sending record with id = 8145
Sending record with id = 8146
Sending record with id = 8147
Sending record with id = 8148
Sending record with id = 8149
Sending record with id = 8150
Sending record with id = 8151
Sending record with id = 8152
Sending record with id = 8153
Sending record with id = 8154
Sending record with id = 8155
Sending record with id = 8156
Sending record with id = 8157
Sending record with id = 8158
Sending record with id = 8159
Sending record with id = 8160
Sending record with id = 8161
Sending record with id = 8162
Sending record with id = 8163
Sending record with id = 8164
Sending record with id = 8165
Sending record with id = 8166
Sending record with id = 8167
Sending record with id = 8168
Sending record with id = 8169
Sending record with id = 8170
Sending record with id = 8171
Sending record with id = 8172
Sending record with id = 8173
Sending record with id = 8174
Sending record with id = 8175
Sending record with id = 8176
Sending record with id = 8177
Sending record with id = 8178
Sending record with id = 8179
Sending record with id = 8180
Sending record with id = 8181
Sending record with id = 8182
Sending record with id = 8183
Sending record with id = 8184
Sending record with id = 8185
Sending record with id = 8186
Sending record with id = 8187
Sending record with id = 8188
Sending record with id = 8189
Sending record with id = 8190
Sending record with id = 8191
Sending record with id = 8192
Sending record with id = 8193
Sending record with id = 8194
Sending record with id = 8195
Sending record with id = 8196
Sending record with id = 8197
Sending record with id = 8198
Sending record with id = 8199
Sending record with id = 8200
Sending record with id = 8201
Sending record with id = 8202
Sending record with id = 8203
Sending record with id = 8204
Sending record with id = 8205
Sending record with id = 8206
Sending record with id = 8207
Sending record with id = 8208
Sending record with id = 8209
Sending record with id = 8210
Sending record with id = 8211
Sending record with id = 8212
Sending record with id = 8213
Sending record with id = 8214
Sending record with id = 8215
Sending record with id = 8216
Sending record with id = 8217
Sending record with id = 8218
Sending record with id = 8219
Sending record with id = 8220
Sending record with id = 8221
Sending record with id = 8222
Sending record with id = 8223
Sending record with id = 8224
Sending record with id = 8225
Sending record with id = 8226
Sending record with id = 8227
Sending record with id = 8228
Sending record with id = 8229
Sending record with id = 8230
Sending record with id = 8231
Sending record with id = 8232
Sending record with id = 8233
Sending record with id = 8234
Sending record with id = 8235
Sending record with id = 8236
Sending record with id = 8237
Sending record with id = 8238
Sending record with id = 8239
Sending record with id = 8240
Sending record with id = 8241
Sending record with id = 8242
Sending record with id = 8243
Sending record with id = 8244
Sending record with id = 8245
Sending record with id = 8246
Sending record with id = 8247
Sending record with id = 8248
Sending record with id = 8249
Sending record with id = 8250
Sending record with id = 8251
Sending record with id = 8252
Sending record with id = 8253
Sending record with id = 8254
Sending record with id = 8255
Sending record with id = 8256
Sending record with id = 8257
Sending record with id = 8258
Sending record with id = 8259
Sending record with id = 8260
Sending record with id = 8261
Sending record with id = 8262
Sending record with id = 8263
Sending record with id = 8264
Sending record with id = 8265
Sending record with id = 8266
Sending record with id = 8267
Sending record with id = 8268
Sending record with id = 8269
Sending record with id = 8270
Sending record with id = 8271
Sending record with id = 8272
Sending record with id = 8273
Sending record with id = 8274
Sending record with id = 8275
Sending record with id = 8276
Sending record with id = 8277
Sending record with id = 8278
Sending record with id = 8279
Sending record with id = 8280
Sending record with id = 8281
Sending record with id = 8282
Sending record with id = 8283
Sending record with id = 8284
Sending record with id = 8285
Sending record with id = 8286
Sending record with id = 8287
Sending record with id = 8288
Sending record with id = 8289
Sending record with id = 8290
Sending record with id = 8291
Sending record with id = 8292
Sending record with id = 8293
Sending record with id = 8294
Sending record with id = 8295
Sending record with id = 8296
Sending record with id = 8297
Sending record with id = 8298
Sending record with id = 8299
Sending record with id = 8300
Sending record with id = 8301
Sending record with id = 8302
Sending record with id = 8303
Sending record with id = 8304
Sending record with id = 8305
Sending record with id = 8306
Sending record with id = 8307
Sending record with id = 8308
Sending record with id = 8309
Sending record with id = 8310
Sending record with id = 8311
Sending record with id = 8312
Sending record with id = 8313
Sending record with id = 8314
Sending record with id = 8315
Sending record with id = 8316
Sending record with id = 8317
Sending record with id = 8318
Sending record with id = 8319
Sending record with id = 8320
Sending record with id = 8321
Sending record with id = 8322
Sending record with id = 8323
Sending record with id = 8324
Sending record with id = 8325
Sending record with id = 8326
Sending record with id = 8327
Sending record with id = 8328
Sending record with id = 8329
Sending record with id = 8330
Sending record with id = 8331
Sending record with id = 8332
Sending record with id = 8333
Sending record with id = 8334
Sending record with id = 8335
Sending record with id = 8336
Sending record with id = 8337
Sending record with id = 8338
Sending record with id = 8339
Sending record with id = 8340
Sending record with id = 8341
Sending record with id = 8342
Sending record with id = 8343
Sending record with id = 8344
Sending record with id = 8345
Sending record with id = 8346
Sending record with id = 8347
Sending record with id = 8348
Sending record with id = 8349
Sending record with id = 8350
Sending record with id = 8351
Sending record with id = 8352
Sending record with id = 8353
Sending record with id = 8354
Sending record with id = 8355
Sending record with id = 8356
Sending record with id = 8357
Sending record with id = 8358
Sending record with id = 8359
Sending record with id = 8360
Sending record with id = 8361
Sending record with id = 8362
Sending record with id = 8363
Sending record with id = 8364
Sending record with id = 8365
Sending record with id = 8366
Sending record with id = 8367
Sending record with id = 8368
Sending record with id = 8369
Sending record with id = 8370
Sending record with id = 8371
Sending record with id = 8372
Sending record with id = 8373
Sending record with id = 8374
Sending record with id = 8375
Sending record with id = 8376
Sending record with id = 8377
Sending record with id = 8378
Sending record with id = 8379
Sending record with id = 8380
Sending record with id = 8381
Sending record with id = 8382
Sending record with id = 8383
Sending record with id = 8384
Sending record with id = 8385
Sending record with id = 8386
Sending record with id = 8387
Sending record with id = 8388
Sending record with id = 8389
Sending record with id = 8390
Sending record with id = 8391
Sending record with id = 8392
Sending record with id = 8393
Sending record with id = 8394
Sending record with id = 8395
Sending record with id = 8396
Sending record with id = 8397
Sending record with id = 8398
Sending record with id = 8399
Sending record with id = 8400
Sending record with id = 8401
Sending record with id = 8402
Sending record with id = 8403
Sending record with id = 8404
Sending record with id = 8405
Sending record with id = 8406
Sending record with id = 8407
Sending record with id = 8408
Sending record with id = 8409
Sending record with id = 8410
Sending record with id = 8411
Sending record with id = 8412
Sending record with id = 8413
Sending record with id = 8414
Sending record with id = 8415
Sending record with id = 8416
Sending record with id = 8417
Sending record with id = 8418
Sending record with id = 8419
Sending record with id = 8420
Sending record with id = 8421
Sending record with id = 8422
Sending record with id = 8423
Sending record with id = 8424
Sending record with id = 8425
Sending record with id = 8426
Sending record with id = 8427
Sending record with id = 8428
Sending record with id = 8429
Sending record with id = 8430
Sending record with id = 8431
Sending record with id = 8432
Sending record with id = 8433
Sending record with id = 8434
Sending record with id = 8435
Sending record with id = 8436
Sending record with id = 8437
Sending record with id = 8438
Sending record with id = 8439
Sending record with id = 8440
Sending record with id = 8441
Sending record with id = 8442
Sending record with id = 8443
Sending record with id = 8444
Sending record with id = 8445
Sending record with id = 8446
Sending record with id = 8447
Sending record with id = 8448
Sending record with id = 8449
Sending record with id = 8450
Sending record with id = 8451
Sending record with id = 8452
Sending record with id = 8453
Sending record with id = 8454
Sending record with id = 8455
Sending record with id = 8456
Sending record with id = 8457
Sending record with id = 8458
Sending record with id = 8459
Sending record with id = 8460
Sending record with id = 8461
Sending record with id = 8462
Sending record with id = 8463
Sending record with id = 8464
Sending record with id = 8465
Sending record with id = 8466
Sending record with id = 8467
Sending record with id = 8468
Sending record with id = 8469
Sending record with id = 8470
Sending record with id = 8471
Sending record with id = 8472
Sending record with id = 8473
Sending record with id = 8474
Sending record with id = 8475
Sending record with id = 8476
Sending record with id = 8477
Sending record with id = 8478
Sending record with id = 8479
Sending record with id = 8480
Sending record with id = 8481
Sending record with id = 8482
Sending record with id = 8483
Sending record with id = 8484
Sending record with id = 8485
Sending record with id = 8486
Sending record with id = 8487
Sending record with id = 8488
Sending record with id = 8489
Sending record with id = 8490
Sending record with id = 8491
Sending record with id = 8492
Sending record with id = 8493
Sending record with id = 8494
Sending record with id = 8495
Sending record with id = 8496
Sending record with id = 8497
Sending record with id = 8498
Sending record with id = 8499
Sending record with id = 8500
Sending record with id = 8501
Sending record with id = 8502
Sending record with id = 8503
Sending record with id = 8504
Sending record with id = 8505
Sending record with id = 8506
Sending record with id = 8507
Sending record with id = 8508
Sending record with id = 8509
Sending record with id = 8510
Sending record with id = 8511
Sending record with id = 8512
Sending record with id = 8513
Sending record with id = 8514
Sending record with id = 8515
Sending record with id = 8516
Sending record with id = 8517
Sending record with id = 8518
Sending record with id = 8519
Sending record with id = 8520
Sending record with id = 8521
Sending record with id = 8522
Sending record with id = 8523
Sending record with id = 8524
Sending record with id = 8525
Sending record with id = 8526
Sending record with id = 8527
Sending record with id = 8528
Sending record with id = 8529
Sending record with id = 8530
Sending record with id = 8531
Sending record with id = 8532
Sending record with id = 8533
Sending record with id = 8534
Sending record with id = 8535
Sending record with id = 8536
Sending record with id = 8537
Sending record with id = 8538
Sending record with id = 8539
Sending record with id = 8540
Sending record with id = 8541
Sending record with id = 8542
Sending record with id = 8543
Sending record with id = 8544
Sending record with id = 8545
Sending record with id = 8546
Sending record with id = 8547
Sending record with id = 8548
Sending record with id = 8549
Sending record with id = 8550
Sending record with id = 8551
Sending record with id = 8552
Sending record with id = 8553
Sending record with id = 8554
Sending record with id = 8555
Sending record with id = 8556
Sending record with id = 8557
Sending record with id = 8558
Sending record with id = 8559
Sending record with id = 8560
Sending record with id = 8561
Sending record with id = 8562
Sending record with id = 8563
Sending record with id = 8564
Sending record with id = 8565
Sending record with id = 8566
Sending record with id = 8567
Sending record with id = 8568
Sending record with id = 8569
Sending record with id = 8570
Sending record with id = 8571
Sending record with id = 8572
Sending record with id = 8573
Sending record with id = 8574
Sending record with id = 8575
Sending record with id = 8576
Sending record with id = 8577
Sending record with id = 8578
Sending record with id = 8579
Sending record with id = 8580
Sending record with id = 8581
Sending record with id = 8582
Sending record with id = 8583
Sending record with id = 8584
Sending record with id = 8585
Sending record with id = 8586
Sending record with id = 8587
Sending record with id = 8588
Sending record with id = 8589
Sending record with id = 8590
Sending record with id = 8591
Sending record with id = 8592
Sending record with id = 8593
Sending record with id = 8594
Sending record with id = 8595
Sending record with id = 8596
Sending record with id = 8597
Sending record with id = 8598
Sending record with id = 8599
Sending record with id = 8600
Sending record with id = 8601
Sending record with id = 8602
Sending record with id = 8603
Sending record with id = 8604
Sending record with id = 8605
Sending record with id = 8606
Sending record with id = 8607
Sending record with id = 8608
Sending record with id = 8609
Sending record with id = 8610
Sending record with id = 8611
Sending record with id = 8612
Sending record with id = 8613
Sending record with id = 8614
Sending record with id = 8615
Sending record with id = 8616
Sending record with id = 8617
Sending record with id = 8618
Sending record with id = 8619
Sending record with id = 8620
Sending record with id = 8621
Sending record with id = 8622
Sending record with id = 8623
Sending record with id = 8624
Sending record with id = 8625
Sending record with id = 8626
Sending record with id = 8627
Sending record with id = 8628
Sending record with id = 8629
Sending record with id = 8630
Sending record with id = 8631
Sending record with id = 8632
Sending record with id = 8633
Sending record with id = 8634
Sending record with id = 8635
Sending record with id = 8636
Sending record with id = 8637
Sending record with id = 8638
Sending record with id = 8639
Sending record with id = 8640
Sending record with id = 8641
Sending record with id = 8642
Sending record with id = 8643
Sending record with id = 8644
Sending record with id = 8645
Sending record with id = 8646
Sending record with id = 8647
Sending record with id = 8648
Sending record with id = 8649
Sending record with id = 8650
Sending record with id = 8651
Sending record with id = 8652
Sending record with id = 8653
Sending record with id = 8654
Sending record with id = 8655
Sending record with id = 8656
Sending record with id = 8657
Sending record with id = 8658
Sending record with id = 8659
Sending record with id = 8660
Sending record with id = 8661
Sending record with id = 8662
Sending record with id = 8663
Sending record with id = 8664
Sending record with id = 8665
Sending record with id = 8666
Sending record with id = 8667
Sending record with id = 8668
Sending record with id = 8669
Sending record with id = 8670
Sending record with id = 8671
Sending record with id = 8672
Sending record with id = 8673
Sending record with id = 8674
Sending record with id = 8675
Sending record with id = 8676
Sending record with id = 8677
Sending record with id = 8678
Sending record with id = 8679
Sending record with id = 8680
Sending record with id = 8681
Sending record with id = 8682
Sending record with id = 8683
Sending record with id = 8684
Sending record with id = 8685
Sending record with id = 8686
Sending record with id = 8687
Sending record with id = 8688
Sending record with id = 8689
Sending record with id = 8690
Sending record with id = 8691
Sending record with id = 8692
Sending record with id = 8693
Sending record with id = 8694
Sending record with id = 8695
Sending record with id = 8696
Sending record with id = 8697
Sending record with id = 8698
Sending record with id = 8699
Sending record with id = 8700
Sending record with id = 8701
Sending record with id = 8702
Sending record with id = 8703
Sending record with id = 8704
Sending record with id = 8705
Sending record with id = 8706
Sending record with id = 8707
Sending record with id = 8708
Sending record with id = 8709
Sending record with id = 8710
Sending record with id = 8711
Sending record with id = 8712
Sending record with id = 8713
Sending record with id = 8714
Sending record with id = 8715
Sending record with id = 8716
Sending record with id = 8717
Sending record with id = 8718
Sending record with id = 8719
Sending record with id = 8720
Sending record with id = 8721
Sending record with id = 8722
Sending record with id = 8723
Sending record with id = 8724
Sending record with id = 8725
Sending record with id = 8726
Sending record with id = 8727
Sending record with id = 8728
Sending record with id = 8729
Sending record with id = 8730
Sending record with id = 8731
Sending record with id = 8732
Sending record with id = 8733
Sending record with id = 8734
Sending record with id = 8735
Sending record with id = 8736
Sending record with id = 8737
Sending record with id = 8738
Sending record with id = 8739
Sending record with id = 8740
Sending record with id = 8741
Sending record with id = 8742
Sending record with id = 8743
Sending record with id = 8744
Sending record with id = 8745
Sending record with id = 8746
Sending record with id = 8747
Sending record with id = 8748
Sending record with id = 8749
Sending record with id = 8750
Sending record with id = 8751
Sending record with id = 8752
Sending record with id = 8753
Sending record with id = 8754
Sending record with id = 8755
Sending record with id = 8756
Sending record with id = 8757
Sending record with id = 8758
Sending record with id = 8759
Sending record with id = 8760
Sending record with id = 8761
Sending record with id = 8762
Sending record with id = 8763
Sending record with id = 8764
Sending record with id = 8765
Sending record with id = 8766
Sending record with id = 8767
Sending record with id = 8768
Sending record with id = 8769
Sending record with id = 8770
Sending record with id = 8771
Sending record with id = 8772
Sending record with id = 8773
Sending record with id = 8774
Sending record with id = 8775
Sending record with id = 8776
Sending record with id = 8777
Sending record with id = 8778
Sending record with id = 8779
Sending record with id = 8780
Sending record with id = 8781
Sending record with id = 8782
Sending record with id = 8783
Sending record with id = 8784
Sending record with id = 8785
Sending record with id = 8786
Sending record with id = 8787
Sending record with id = 8788
Sending record with id = 8789
Sending record with id = 8790
Sending record with id = 8791
Sending record with id = 8792
Sending record with id = 8793
Sending record with id = 8794
Sending record with id = 8795
Sending record with id = 8796
Sending record with id = 8797
Sending record with id = 8798
Sending record with id = 8799
Sending record with id = 8800
Sending record with id = 8801
Sending record with id = 8802
Sending record with id = 8803
Sending record with id = 8804
Sending record with id = 8805
Sending record with id = 8806
Sending record with id = 8807
Sending record with id = 8808
Sending record with id = 8809
Sending record with id = 8810
Sending record with id = 8811
Sending record with id = 8812
Sending record with id = 8813
Sending record with id = 8814
Sending record with id = 8815
Sending record with id = 8816
Sending record with id = 8817
Sending record with id = 8818
Sending record with id = 8819
Sending record with id = 8820
Sending record with id = 8821
Sending record with id = 8822
Sending record with id = 8823
Sending record with id = 8824
Sending record with id = 8825
Sending record with id = 8826
Sending record with id = 8827
Sending record with id = 8828
Sending record with id = 8829
Sending record with id = 8830
Sending record with id = 8831
Sending record with id = 8832
Sending record with id = 8833
Sending record with id = 8834
Sending record with id = 8835
Sending record with id = 8836
Sending record with id = 8837
Sending record with id = 8838
Sending record with id = 8839
Sending record with id = 8840
Sending record with id = 8841
Sending record with id = 8842
Sending record with id = 8843
Sending record with id = 8844
Sending record with id = 8845
Sending record with id = 8846
Sending record with id = 8847
Sending record with id = 8848
Sending record with id = 8849
Sending record with id = 8850
Sending record with id = 8851
Sending record with id = 8852
Sending record with id = 8853
Sending record with id = 8854
Sending record with id = 8855
Sending record with id = 8856
Sending record with id = 8857
Sending record with id = 8858
Sending record with id = 8859
Sending record with id = 8860
Sending record with id = 8861
Sending record with id = 8862
Sending record with id = 8863
Sending record with id = 8864
Sending record with id = 8865
Sending record with id = 8866
Sending record with id = 8867
Sending record with id = 8868
Sending record with id = 8869
Sending record with id = 8870
Sending record with id = 8871
Sending record with id = 8872
Sending record with id = 8873
Sending record with id = 8874
Sending record with id = 8875
Sending record with id = 8876
Sending record with id = 8877
Sending record with id = 8878
Sending record with id = 8879
Sending record with id = 8880
Sending record with id = 8881
Sending record with id = 8882
Sending record with id = 8883
Sending record with id = 8884
Sending record with id = 8885
Sending record with id = 8886
Sending record with id = 8887
Sending record with id = 8888
Sending record with id = 8889
Sending record with id = 8890
Sending record with id = 8891
Sending record with id = 8892
Sending record with id = 8893
Sending record with id = 8894
Sending record with id = 8895
Sending record with id = 8896
Sending record with id = 8897
Sending record with id = 8898
Sending record with id = 8899
Sending record with id = 8900
Sending record with id = 8901
Sending record with id = 8902
Sending record with id = 8903
Sending record with id = 8904
Sending record with id = 8905
Sending record with id = 8906
Sending record with id = 8907
Sending record with id = 8908
Sending record with id = 8909
Sending record with id = 8910
Sending record with id = 8911
Sending record with id = 8912
Sending record with id = 8913
Sending record with id = 8914
Sending record with id = 8915
Sending record with id = 8916
Sending record with id = 8917
Sending record with id = 8918
Sending record with id = 8919
Sending record with id = 8920
Sending record with id = 8921
Sending record with id = 8922
Sending record with id = 8923
Sending record with id = 8924
Sending record with id = 8925
Sending record with id = 8926
Sending record with id = 8927
Sending record with id = 8928
Sending record with id = 8929
Sending record with id = 8930
Sending record with id = 8931
Sending record with id = 8932
Sending record with id = 8933
Sending record with id = 8934
Sending record with id = 8935
Sending record with id = 8936
Sending record with id = 8937
Sending record with id = 8938
Sending record with id = 8939
Sending record with id = 8940
Sending record with id = 8941
Sending record with id = 8942
Sending record with id = 8943
Sending record with id = 8944
Sending record with id = 8945
Sending record with id = 8946
Sending record with id = 8947
Sending record with id = 8948
Sending record with id = 8949
Sending record with id = 8950
Sending record with id = 8951
Sending record with id = 8952
Sending record with id = 8953
Sending record with id = 8954
Sending record with id = 8955
Sending record with id = 8956
Sending record with id = 8957
Sending record with id = 8958
Sending record with id = 8959
Sending record with id = 8960
Sending record with id = 8961
Sending record with id = 8962
Sending record with id = 8963
Sending record with id = 8964
Sending record with id = 8965
Sending record with id = 8966
Sending record with id = 8967
Sending record with id = 8968
Sending record with id = 8969
Sending record with id = 8970
Sending record with id = 8971
Sending record with id = 8972
Sending record with id = 8973
Sending record with id = 8974
Sending record with id = 8975
Sending record with id = 8976
Sending record with id = 8977
Sending record with id = 8978
Sending record with id = 8979
Sending record with id = 8980
Sending record with id = 8981
Sending record with id = 8982
Sending record with id = 8983
Sending record with id = 8984
Sending record with id = 8985
Sending record with id = 8986
Sending record with id = 8987
Sending record with id = 8988
Sending record with id = 8989
Sending record with id = 8990
Sending record with id = 8991
Sending record with id = 8992
Sending record with id = 8993
Sending record with id = 8994
Sending record with id = 8995
Sending record with id = 8996
Sending record with id = 8997
Sending record with id = 8998
Sending record with id = 8999
Sending record with id = 9000
Successfully processed /data/data8.csv
Processing /data/data9.csv...
Sending record with id = 9001
Sending record with id = 9002
Sending record with id = 9003
Sending record with id = 9004
Sending record with id = 9005
Sending record with id = 9006
Sending record with id = 9007
Sending record with id = 9008
Sending record with id = 9009
Sending record with id = 9010
Sending record with id = 9011
Sending record with id = 9012
Sending record with id = 9013
Sending record with id = 9014
Sending record with id = 9015
Sending record with id = 9016
Sending record with id = 9017
Sending record with id = 9018
Sending record with id = 9019
Sending record with id = 9020
Sending record with id = 9021
Sending record with id = 9022
Sending record with id = 9023
Sending record with id = 9024
Sending record with id = 9025
Sending record with id = 9026
Sending record with id = 9027
Sending record with id = 9028
Sending record with id = 9029
Sending record with id = 9030
Sending record with id = 9031
Sending record with id = 9032
Sending record with id = 9033
Sending record with id = 9034
Sending record with id = 9035
Sending record with id = 9036
Sending record with id = 9037
Sending record with id = 9038
Sending record with id = 9039
Sending record with id = 9040
Sending record with id = 9041
Sending record with id = 9042
Sending record with id = 9043
Sending record with id = 9044
Sending record with id = 9045
Sending record with id = 9046
Sending record with id = 9047
Sending record with id = 9048
Sending record with id = 9049
Sending record with id = 9050
Sending record with id = 9051
Sending record with id = 9052
Sending record with id = 9053
Sending record with id = 9054
Sending record with id = 9055
Sending record with id = 9056
Sending record with id = 9057
Sending record with id = 9058
Sending record with id = 9059
Sending record with id = 9060
Sending record with id = 9061
Sending record with id = 9062
Sending record with id = 9063
Sending record with id = 9064
Sending record with id = 9065
Sending record with id = 9066
Sending record with id = 9067
Sending record with id = 9068
Sending record with id = 9069
Sending record with id = 9070
Sending record with id = 9071
Sending record with id = 9072
Sending record with id = 9073
Sending record with id = 9074
Sending record with id = 9075
Sending record with id = 9076
Sending record with id = 9077
Sending record with id = 9078
Sending record with id = 9079
Sending record with id = 9080
Sending record with id = 9081
Sending record with id = 9082
Sending record with id = 9083
Sending record with id = 9084
Sending record with id = 9085
Sending record with id = 9086
Sending record with id = 9087
Sending record with id = 9088
Sending record with id = 9089
Sending record with id = 9090
Sending record with id = 9091
Sending record with id = 9092
Sending record with id = 9093
Sending record with id = 9094
Sending record with id = 9095
Sending record with id = 9096
Sending record with id = 9097
Sending record with id = 9098
Sending record with id = 9099
Sending record with id = 9100
Sending record with id = 9101
Sending record with id = 9102
Sending record with id = 9103
Sending record with id = 9104
Sending record with id = 9105
Sending record with id = 9106
Sending record with id = 9107
Sending record with id = 9108
Sending record with id = 9109
Sending record with id = 9110
Sending record with id = 9111
Sending record with id = 9112
Sending record with id = 9113
Sending record with id = 9114
Sending record with id = 9115
Sending record with id = 9116
Sending record with id = 9117
Sending record with id = 9118
Sending record with id = 9119
Sending record with id = 9120
Sending record with id = 9121
Sending record with id = 9122
Sending record with id = 9123
Sending record with id = 9124
Sending record with id = 9125
Sending record with id = 9126
Sending record with id = 9127
Sending record with id = 9128
Sending record with id = 9129
Sending record with id = 9130
Sending record with id = 9131
Sending record with id = 9132
Sending record with id = 9133
Sending record with id = 9134
Sending record with id = 9135
Sending record with id = 9136
Sending record with id = 9137
Sending record with id = 9138
Sending record with id = 9139
Sending record with id = 9140
Sending record with id = 9141
Sending record with id = 9142
Sending record with id = 9143
Sending record with id = 9144
Sending record with id = 9145
Sending record with id = 9146
Sending record with id = 9147
Sending record with id = 9148
Sending record with id = 9149
Sending record with id = 9150
Sending record with id = 9151
Sending record with id = 9152
Sending record with id = 9153
Sending record with id = 9154
Sending record with id = 9155
Sending record with id = 9156
Sending record with id = 9157
Sending record with id = 9158
Sending record with id = 9159
Sending record with id = 9160
Sending record with id = 9161
Sending record with id = 9162
Sending record with id = 9163
Sending record with id = 9164
Sending record with id = 9165
Sending record with id = 9166
Sending record with id = 9167
Sending record with id = 9168
Sending record with id = 9169
Sending record with id = 9170
Sending record with id = 9171
Sending record with id = 9172
Sending record with id = 9173
Sending record with id = 9174
Sending record with id = 9175
Sending record with id = 9176
Sending record with id = 9177
Sending record with id = 9178
Sending record with id = 9179
Sending record with id = 9180
Sending record with id = 9181
Sending record with id = 9182
Sending record with id = 9183
Sending record with id = 9184
Sending record with id = 9185
Sending record with id = 9186
Sending record with id = 9187
Sending record with id = 9188
Sending record with id = 9189
Sending record with id = 9190
Sending record with id = 9191
Sending record with id = 9192
Sending record with id = 9193
Sending record with id = 9194
Sending record with id = 9195
Sending record with id = 9196
Sending record with id = 9197
Sending record with id = 9198
Sending record with id = 9199
Sending record with id = 9200
Sending record with id = 9201
Sending record with id = 9202
Sending record with id = 9203
Sending record with id = 9204
Sending record with id = 9205
Sending record with id = 9206
Sending record with id = 9207
Sending record with id = 9208
Sending record with id = 9209
Sending record with id = 9210
Sending record with id = 9211
Sending record with id = 9212
Sending record with id = 9213
Sending record with id = 9214
Sending record with id = 9215
Sending record with id = 9216
Sending record with id = 9217
Sending record with id = 9218
Sending record with id = 9219
Sending record with id = 9220
Sending record with id = 9221
Sending record with id = 9222
Sending record with id = 9223
Sending record with id = 9224
Sending record with id = 9225
Sending record with id = 9226
Sending record with id = 9227
Sending record with id = 9228
Sending record with id = 9229
Sending record with id = 9230
Sending record with id = 9231
Sending record with id = 9232
Sending record with id = 9233
Sending record with id = 9234
Sending record with id = 9235
Sending record with id = 9236
Sending record with id = 9237
Sending record with id = 9238
Sending record with id = 9239
Sending record with id = 9240
Sending record with id = 9241
Sending record with id = 9242
Sending record with id = 9243
Sending record with id = 9244
Sending record with id = 9245
Sending record with id = 9246
Sending record with id = 9247
Sending record with id = 9248
Sending record with id = 9249
Sending record with id = 9250
Sending record with id = 9251
Sending record with id = 9252
Sending record with id = 9253
Sending record with id = 9254
Sending record with id = 9255
Sending record with id = 9256
Sending record with id = 9257
Sending record with id = 9258
Sending record with id = 9259
Sending record with id = 9260
Sending record with id = 9261
Sending record with id = 9262
Sending record with id = 9263
Sending record with id = 9264
Sending record with id = 9265
Sending record with id = 9266
Sending record with id = 9267
Sending record with id = 9268
Sending record with id = 9269
Sending record with id = 9270
Sending record with id = 9271
Sending record with id = 9272
Sending record with id = 9273
Sending record with id = 9274
Sending record with id = 9275
Sending record with id = 9276
Sending record with id = 9277
Sending record with id = 9278
Sending record with id = 9279
Sending record with id = 9280
Sending record with id = 9281
Sending record with id = 9282
Sending record with id = 9283
Sending record with id = 9284
Sending record with id = 9285
Sending record with id = 9286
Sending record with id = 9287
Sending record with id = 9288
Sending record with id = 9289
Sending record with id = 9290
Sending record with id = 9291
Sending record with id = 9292
Sending record with id = 9293
Sending record with id = 9294
Sending record with id = 9295
Sending record with id = 9296
Sending record with id = 9297
Sending record with id = 9298
Sending record with id = 9299
Sending record with id = 9300
Sending record with id = 9301
Sending record with id = 9302
Sending record with id = 9303
Sending record with id = 9304
Sending record with id = 9305
Sending record with id = 9306
Sending record with id = 9307
Sending record with id = 9308
Sending record with id = 9309
Sending record with id = 9310
Sending record with id = 9311
Sending record with id = 9312
Sending record with id = 9313
Sending record with id = 9314
Sending record with id = 9315
Sending record with id = 9316
Sending record with id = 9317
Sending record with id = 9318
Sending record with id = 9319
Sending record with id = 9320
Sending record with id = 9321
Sending record with id = 9322
Sending record with id = 9323
Sending record with id = 9324
Sending record with id = 9325
Sending record with id = 9326
Sending record with id = 9327
Sending record with id = 9328
Sending record with id = 9329
Sending record with id = 9330
Sending record with id = 9331
Sending record with id = 9332
Sending record with id = 9333
Sending record with id = 9334
Sending record with id = 9335
Sending record with id = 9336
Sending record with id = 9337
Sending record with id = 9338
Sending record with id = 9339
Sending record with id = 9340
Sending record with id = 9341
Sending record with id = 9342
Sending record with id = 9343
Sending record with id = 9344
Sending record with id = 9345
Sending record with id = 9346
Sending record with id = 9347
Sending record with id = 9348
Sending record with id = 9349
Sending record with id = 9350
Sending record with id = 9351
Sending record with id = 9352
Sending record with id = 9353
Sending record with id = 9354
Sending record with id = 9355
Sending record with id = 9356
Sending record with id = 9357
Sending record with id = 9358
Sending record with id = 9359
Sending record with id = 9360
Sending record with id = 9361
Sending record with id = 9362
Sending record with id = 9363
Sending record with id = 9364
Sending record with id = 9365
Sending record with id = 9366
Sending record with id = 9367
Sending record with id = 9368
Sending record with id = 9369
Sending record with id = 9370
Sending record with id = 9371
Sending record with id = 9372
Sending record with id = 9373
Sending record with id = 9374
Sending record with id = 9375
Sending record with id = 9376
Sending record with id = 9377
Sending record with id = 9378
Sending record with id = 9379
Sending record with id = 9380
Sending record with id = 9381
Sending record with id = 9382
Sending record with id = 9383
Sending record with id = 9384
Sending record with id = 9385
Sending record with id = 9386
Sending record with id = 9387
Sending record with id = 9388
Sending record with id = 9389
Sending record with id = 9390
Sending record with id = 9391
Sending record with id = 9392
Sending record with id = 9393
Sending record with id = 9394
Sending record with id = 9395
Sending record with id = 9396
Sending record with id = 9397
Sending record with id = 9398
Sending record with id = 9399
Sending record with id = 9400
Sending record with id = 9401
Sending record with id = 9402
Sending record with id = 9403
Sending record with id = 9404
Sending record with id = 9405
Sending record with id = 9406
Sending record with id = 9407
Sending record with id = 9408
Sending record with id = 9409
Sending record with id = 9410
Sending record with id = 9411
Sending record with id = 9412
Sending record with id = 9413
Sending record with id = 9414
Sending record with id = 9415
Sending record with id = 9416
Sending record with id = 9417
Sending record with id = 9418
Sending record with id = 9419
Sending record with id = 9420
Sending record with id = 9421
Sending record with id = 9422
Sending record with id = 9423
Sending record with id = 9424
Sending record with id = 9425
Sending record with id = 9426
Sending record with id = 9427
Sending record with id = 9428
Sending record with id = 9429
Sending record with id = 9430
Sending record with id = 9431
Sending record with id = 9432
Sending record with id = 9433
Sending record with id = 9434
Sending record with id = 9435
Sending record with id = 9436
Sending record with id = 9437
Sending record with id = 9438
Sending record with id = 9439
Sending record with id = 9440
Sending record with id = 9441
Sending record with id = 9442
Sending record with id = 9443
Sending record with id = 9444
Sending record with id = 9445
Sending record with id = 9446
Sending record with id = 9447
Sending record with id = 9448
Sending record with id = 9449
Sending record with id = 9450
Sending record with id = 9451
Sending record with id = 9452
Sending record with id = 9453
Sending record with id = 9454
Sending record with id = 9455
Sending record with id = 9456
Sending record with id = 9457
Sending record with id = 9458
Sending record with id = 9459
Sending record with id = 9460
Sending record with id = 9461
Sending record with id = 9462
Sending record with id = 9463
Sending record with id = 9464
Sending record with id = 9465
Sending record with id = 9466
Sending record with id = 9467
Sending record with id = 9468
Sending record with id = 9469
Sending record with id = 9470
Sending record with id = 9471
Sending record with id = 9472
Sending record with id = 9473
Sending record with id = 9474
Sending record with id = 9475
Sending record with id = 9476
Sending record with id = 9477
Sending record with id = 9478
Sending record with id = 9479
Sending record with id = 9480
Sending record with id = 9481
Sending record with id = 9482
Sending record with id = 9483
Sending record with id = 9484
Sending record with id = 9485
Sending record with id = 9486
Sending record with id = 9487
Sending record with id = 9488
Sending record with id = 9489
Sending record with id = 9490
Sending record with id = 9491
Sending record with id = 9492
Sending record with id = 9493
Sending record with id = 9494
Sending record with id = 9495
Sending record with id = 9496
Sending record with id = 9497
Sending record with id = 9498
Sending record with id = 9499
Sending record with id = 9500
Sending record with id = 9501
Sending record with id = 9502
Sending record with id = 9503
Sending record with id = 9504
Sending record with id = 9505
Sending record with id = 9506
Sending record with id = 9507
Sending record with id = 9508
Sending record with id = 9509
Sending record with id = 9510
Sending record with id = 9511
Sending record with id = 9512
Sending record with id = 9513
Sending record with id = 9514
Sending record with id = 9515
Sending record with id = 9516
Sending record with id = 9517
Sending record with id = 9518
Sending record with id = 9519
Sending record with id = 9520
Sending record with id = 9521
Sending record with id = 9522
Sending record with id = 9523
Sending record with id = 9524
Sending record with id = 9525
Sending record with id = 9526
Sending record with id = 9527
Sending record with id = 9528
Sending record with id = 9529
Sending record with id = 9530
Sending record with id = 9531
Sending record with id = 9532
Sending record with id = 9533
Sending record with id = 9534
Sending record with id = 9535
Sending record with id = 9536
Sending record with id = 9537
Sending record with id = 9538
Sending record with id = 9539
Sending record with id = 9540
Sending record with id = 9541
Sending record with id = 9542
Sending record with id = 9543
Sending record with id = 9544
Sending record with id = 9545
Sending record with id = 9546
Sending record with id = 9547
Sending record with id = 9548
Sending record with id = 9549
Sending record with id = 9550
Sending record with id = 9551
Sending record with id = 9552
Sending record with id = 9553
Sending record with id = 9554
Sending record with id = 9555
Sending record with id = 9556
Sending record with id = 9557
Sending record with id = 9558
Sending record with id = 9559
Sending record with id = 9560
Sending record with id = 9561
Sending record with id = 9562
Sending record with id = 9563
Sending record with id = 9564
Sending record with id = 9565
Sending record with id = 9566
Sending record with id = 9567
Sending record with id = 9568
Sending record with id = 9569
Sending record with id = 9570
Sending record with id = 9571
Sending record with id = 9572
Sending record with id = 9573
Sending record with id = 9574
Sending record with id = 9575
Sending record with id = 9576
Sending record with id = 9577
Sending record with id = 9578
Sending record with id = 9579
Sending record with id = 9580
Sending record with id = 9581
Sending record with id = 9582
Sending record with id = 9583
Sending record with id = 9584
Sending record with id = 9585
Sending record with id = 9586
Sending record with id = 9587
Sending record with id = 9588
Sending record with id = 9589
Sending record with id = 9590
Sending record with id = 9591
Sending record with id = 9592
Sending record with id = 9593
Sending record with id = 9594
Sending record with id = 9595
Sending record with id = 9596
Sending record with id = 9597
Sending record with id = 9598
Sending record with id = 9599
Sending record with id = 9600
Sending record with id = 9601
Sending record with id = 9602
Sending record with id = 9603
Sending record with id = 9604
Sending record with id = 9605
Sending record with id = 9606
Sending record with id = 9607
Sending record with id = 9608
Sending record with id = 9609
Sending record with id = 9610
Sending record with id = 9611
Sending record with id = 9612
Sending record with id = 9613
Sending record with id = 9614
Sending record with id = 9615
Sending record with id = 9616
Sending record with id = 9617
Sending record with id = 9618
Sending record with id = 9619
Sending record with id = 9620
Sending record with id = 9621
Sending record with id = 9622
Sending record with id = 9623
Sending record with id = 9624
Sending record with id = 9625
Sending record with id = 9626
Sending record with id = 9627
Sending record with id = 9628
Sending record with id = 9629
Sending record with id = 9630
Sending record with id = 9631
Sending record with id = 9632
Sending record with id = 9633
Sending record with id = 9634
Sending record with id = 9635
Sending record with id = 9636
Sending record with id = 9637
Sending record with id = 9638
Sending record with id = 9639
Sending record with id = 9640
Sending record with id = 9641
Sending record with id = 9642
Sending record with id = 9643
Sending record with id = 9644
Sending record with id = 9645
Sending record with id = 9646
Sending record with id = 9647
Sending record with id = 9648
Sending record with id = 9649
Sending record with id = 9650
Sending record with id = 9651
Sending record with id = 9652
Sending record with id = 9653
Sending record with id = 9654
Sending record with id = 9655
Sending record with id = 9656
Sending record with id = 9657
Sending record with id = 9658
Sending record with id = 9659
Sending record with id = 9660
Sending record with id = 9661
Sending record with id = 9662
Sending record with id = 9663
Sending record with id = 9664
Sending record with id = 9665
Sending record with id = 9666
Sending record with id = 9667
Sending record with id = 9668
Sending record with id = 9669
Sending record with id = 9670
Sending record with id = 9671
Sending record with id = 9672
Sending record with id = 9673
Sending record with id = 9674
Sending record with id = 9675
Sending record with id = 9676
Sending record with id = 9677
Sending record with id = 9678
Sending record with id = 9679
Sending record with id = 9680
Sending record with id = 9681
Sending record with id = 9682
Sending record with id = 9683
Sending record with id = 9684
Sending record with id = 9685
Sending record with id = 9686
Sending record with id = 9687
Sending record with id = 9688
Sending record with id = 9689
Sending record with id = 9690
Sending record with id = 9691
Sending record with id = 9692
Sending record with id = 9693
Sending record with id = 9694
Sending record with id = 9695
Sending record with id = 9696
Sending record with id = 9697
Sending record with id = 9698
Sending record with id = 9699
Sending record with id = 9700
Sending record with id = 9701
Sending record with id = 9702
Sending record with id = 9703
Sending record with id = 9704
Sending record with id = 9705
Sending record with id = 9706
Sending record with id = 9707
Sending record with id = 9708
Sending record with id = 9709
Sending record with id = 9710
Sending record with id = 9711
Sending record with id = 9712
Sending record with id = 9713
Sending record with id = 9714
Sending record with id = 9715
Sending record with id = 9716
Sending record with id = 9717
Sending record with id = 9718
Sending record with id = 9719
Sending record with id = 9720
Sending record with id = 9721
Sending record with id = 9722
Sending record with id = 9723
Sending record with id = 9724
Sending record with id = 9725
Sending record with id = 9726
Sending record with id = 9727
Sending record with id = 9728
Sending record with id = 9729
Sending record with id = 9730
Sending record with id = 9731
Sending record with id = 9732
Sending record with id = 9733
Sending record with id = 9734
Sending record with id = 9735
Sending record with id = 9736
Sending record with id = 9737
Sending record with id = 9738
Sending record with id = 9739
Sending record with id = 9740
Sending record with id = 9741
Sending record with id = 9742
Sending record with id = 9743
Sending record with id = 9744
Sending record with id = 9745
Sending record with id = 9746
Sending record with id = 9747
Sending record with id = 9748
Sending record with id = 9749
Sending record with id = 9750
Sending record with id = 9751
Sending record with id = 9752
Sending record with id = 9753
Sending record with id = 9754
Sending record with id = 9755
Sending record with id = 9756
Sending record with id = 9757
Sending record with id = 9758
Sending record with id = 9759
Sending record with id = 9760
Sending record with id = 9761
Sending record with id = 9762
Sending record with id = 9763
Sending record with id = 9764
Sending record with id = 9765
Sending record with id = 9766
Sending record with id = 9767
Sending record with id = 9768
Sending record with id = 9769
Sending record with id = 9770
Sending record with id = 9771
Sending record with id = 9772
Sending record with id = 9773
Sending record with id = 9774
Sending record with id = 9775
Sending record with id = 9776
Sending record with id = 9777
Sending record with id = 9778
Sending record with id = 9779
Sending record with id = 9780
Sending record with id = 9781
Sending record with id = 9782
Sending record with id = 9783
Sending record with id = 9784
Sending record with id = 9785
Sending record with id = 9786
Sending record with id = 9787
Sending record with id = 9788
Sending record with id = 9789
Sending record with id = 9790
Sending record with id = 9791
Sending record with id = 9792
Sending record with id = 9793
Sending record with id = 9794
Sending record with id = 9795
Sending record with id = 9796
Sending record with id = 9797
Sending record with id = 9798
Sending record with id = 9799
Sending record with id = 9800
Sending record with id = 9801
Sending record with id = 9802
Sending record with id = 9803
Sending record with id = 9804
Sending record with id = 9805
Sending record with id = 9806
Sending record with id = 9807
Sending record with id = 9808
Sending record with id = 9809
Sending record with id = 9810
Sending record with id = 9811
Sending record with id = 9812
Sending record with id = 9813
Sending record with id = 9814
Sending record with id = 9815
Sending record with id = 9816
Sending record with id = 9817
Sending record with id = 9818
Sending record with id = 9819
Sending record with id = 9820
Sending record with id = 9821
Sending record with id = 9822
Sending record with id = 9823
Sending record with id = 9824
Sending record with id = 9825
Sending record with id = 9826
Sending record with id = 9827
Sending record with id = 9828
Sending record with id = 9829
Sending record with id = 9830
Sending record with id = 9831
Sending record with id = 9832
Sending record with id = 9833
Sending record with id = 9834
Sending record with id = 9835
Sending record with id = 9836
Sending record with id = 9837
Sending record with id = 9838
Sending record with id = 9839
Sending record with id = 9840
Sending record with id = 9841
Sending record with id = 9842
Sending record with id = 9843
Sending record with id = 9844
Sending record with id = 9845
Sending record with id = 9846
Sending record with id = 9847
Sending record with id = 9848
Sending record with id = 9849
Sending record with id = 9850
Sending record with id = 9851
Sending record with id = 9852
Sending record with id = 9853
Sending record with id = 9854
Sending record with id = 9855
Sending record with id = 9856
Sending record with id = 9857
Sending record with id = 9858
Sending record with id = 9859
Sending record with id = 9860
Sending record with id = 9861
Sending record with id = 9862
Sending record with id = 9863
Sending record with id = 9864
Sending record with id = 9865
Sending record with id = 9866
Sending record with id = 9867
Sending record with id = 9868
Sending record with id = 9869
Sending record with id = 9870
Sending record with id = 9871
Sending record with id = 9872
Sending record with id = 9873
Sending record with id = 9874
Sending record with id = 9875
Sending record with id = 9876
Sending record with id = 9877
Sending record with id = 9878
Sending record with id = 9879
Sending record with id = 9880
Sending record with id = 9881
Sending record with id = 9882
Sending record with id = 9883
Sending record with id = 9884
Sending record with id = 9885
Sending record with id = 9886
Sending record with id = 9887
Sending record with id = 9888
Sending record with id = 9889
Sending record with id = 9890
Sending record with id = 9891
Sending record with id = 9892
Sending record with id = 9893
Sending record with id = 9894
Sending record with id = 9895
Sending record with id = 9896
Sending record with id = 9897
Sending record with id = 9898
Sending record with id = 9899
Sending record with id = 9900
Sending record with id = 9901
Sending record with id = 9902
Sending record with id = 9903
Sending record with id = 9904
Sending record with id = 9905
Sending record with id = 9906
Sending record with id = 9907
Sending record with id = 9908
Sending record with id = 9909
Sending record with id = 9910
Sending record with id = 9911
Sending record with id = 9912
Sending record with id = 9913
Sending record with id = 9914
Sending record with id = 9915
Sending record with id = 9916
Sending record with id = 9917
Sending record with id = 9918
Sending record with id = 9919
Sending record with id = 9920
Sending record with id = 9921
Sending record with id = 9922
Sending record with id = 9923
Sending record with id = 9924
Sending record with id = 9925
Sending record with id = 9926
Sending record with id = 9927
Sending record with id = 9928
Sending record with id = 9929
Sending record with id = 9930
Sending record with id = 9931
Sending record with id = 9932
Sending record with id = 9933
Sending record with id = 9934
Sending record with id = 9935
Sending record with id = 9936
Sending record with id = 9937
Sending record with id = 9938
Sending record with id = 9939
Sending record with id = 9940
Sending record with id = 9941
Sending record with id = 9942
Sending record with id = 9943
Sending record with id = 9944
Sending record with id = 9945
Sending record with id = 9946
Sending record with id = 9947
Sending record with id = 9948
Sending record with id = 9949
Sending record with id = 9950
Sending record with id = 9951
Sending record with id = 9952
Sending record with id = 9953
Sending record with id = 9954
Sending record with id = 9955
Sending record with id = 9956
Sending record with id = 9957
Sending record with id = 9958
Sending record with id = 9959
Sending record with id = 9960
Sending record with id = 9961
Sending record with id = 9962
Sending record with id = 9963
Sending record with id = 9964
Sending record with id = 9965
Sending record with id = 9966
Sending record with id = 9967
Sending record with id = 9968
Sending record with id = 9969
Sending record with id = 9970
Sending record with id = 9971
Sending record with id = 9972
Sending record with id = 9973
Sending record with id = 9974
Sending record with id = 9975
Sending record with id = 9976
Sending record with id = 9977
Sending record with id = 9978
Sending record with id = 9979
Sending record with id = 9980
Sending record with id = 9981
Sending record with id = 9982
Sending record with id = 9983
Sending record with id = 9984
Sending record with id = 9985
Sending record with id = 9986
Sending record with id = 9987
Sending record with id = 9988
Sending record with id = 9989
Sending record with id = 9990
Sending record with id = 9991
Sending record with id = 9992
Sending record with id = 9993
Sending record with id = 9994
Sending record with id = 9995
Sending record with id = 9996
Sending record with id = 9997
Sending record with id = 9998
Sending record with id = 9999
Sending record with id = 10000
Successfully processed /data/data9.csv
[main] INFO org.apache.kafka.clients.producer.KafkaProducer - [Producer clientId=producer-1] Closing the Kafka producer with timeoutMillis = 9223372036854775807 ms.
[main] INFO org.apache.kafka.common.metrics.Metrics - Metrics scheduler closed
[main] INFO org.apache.kafka.common.metrics.Metrics - Closing reporter org.apache.kafka.common.metrics.JmxReporter
[main] INFO org.apache.kafka.common.metrics.Metrics - Closing reporter org.apache.kafka.common.telemetry.internals.ClientTelemetryReporter
[main] INFO org.apache.kafka.common.metrics.Metrics - Metrics reporters closed
[main] INFO org.apache.kafka.common.utils.AppInfoParser - App info kafka.producer for producer-1 unregistered
